Protocollo;Gruppo;DataOraIncidente;Localizzazione1;STRADA1;Localizzazione2;STRADA2;Strada02;Chilometrica;DaSpecificare;NaturaIncidente;particolaritastrade;TipoStrada;FondoStradale;Pavimentazione;Segnaletica;CondizioneAtmosferica;Traffico;Visibilita;Illuminazione;NUM_FERITI;NUM_RISERVATA;NUM_MORTI;NUM_ILLESI;Longitudine;Latitudine;Confermato;Progressivo;TipoVeicolo;StatoVeicolo;TipoPersona;Sesso;Tipolesione;Deceduto;DecedutoDopo;CinturaCascoUtilizzato;Airbag
2013124;8;06/03/2014 21:15;Provinciale entro l'abitato;VIA PRENESTINA;all'intersezione con;VIA SAMASSI;VIA SAMASSI;;;Tamponamento Multiplo;Intersezione stradale segnalata;Una carreggiata a doppio senso;Asciutto;Asfaltata;Verticale ed orizzontale;Sereno;Normale;Buona;Sufficiente;3;0;0;1;12.67581;41.89069;-1;3;Autovettura privata;In marcia / fermata / arresto;Conducente;M;Rimandato;0;NON DECEDUTO;Non accertato;Inesploso
2013135;5;06/03/2014 10:35;Strada Urbana;PIAZZA TOMMASO DE CRISTOFORIS;in prossimità;;del civico n.;3;;Ribaltamento senza urto contro ostacolo fisso;Rettilineo;Una carreggiata a senso unico di marcia;Asciutto;Asfaltata;Verticale ed orizzontale;Sereno;Scarso;Buona;Ore Diurne;1;0;0;0;12.53478;41.90042;-1;1;Autovettura privata;In marcia / fermata / arresto;Conducente;F;Rimandato;0;NON DECEDUTO;Non accertato;Inesploso
2013137;15;06/03/2014 19:20;Strada Urbana;VIA PORTUENSE;in prossimità;;del civico n.;950;;Scontro frontale fra veicoli in marcia;Rettilineo;Una carreggiata a doppio senso;Asciutto;Asfaltata;Orizzontale;Sereno;Scarso;Buona;Sufficiente;1;0;0;3;12.38911;41.8425;-1;1;Autovettura privata;In marcia / fermata / arresto;Conducente;F;Illeso;0;;Utilizzato;
2013137;15;06/03/2014 19:20;Strada Urbana;VIA PORTUENSE;in prossimità;;del civico n.;950;;Scontro frontale fra veicoli in marcia;Rettilineo;Una carreggiata a doppio senso;Asciutto;Asfaltata;Orizzontale;Sereno;Scarso;Buona;Sufficiente;1;0;0;3;12.38911;41.8425;-1;1;Autovettura privata;In marcia / fermata / arresto;Passeggero;M;Illeso;0;;Utilizzato;
2013137;15;06/03/2014 19:20;Strada Urbana;VIA PORTUENSE;in prossimità;;del civico n.;950;;Scontro frontale fra veicoli in marcia;Rettilineo;Una carreggiata a doppio senso;Asciutto;Asfaltata;Orizzontale;Sereno;Scarso;Buona;Sufficiente;1;0;0;3;12.38911;41.8425;-1;1;Autovettura privata;In marcia / fermata / arresto;Passeggero;M;Illeso;0;;Utilizzato;
2013137;15;06/03/2014 19:20;Strada Urbana;VIA PORTUENSE;in prossimità;;del civico n.;950;;Scontro frontale fra veicoli in marcia;Rettilineo;Una carreggiata a doppio senso;Asciutto;Asfaltata;Orizzontale;Sereno;Scarso;Buona;Sufficiente;1;0;0;3;12.38911;41.8425;-1;2;Autovettura privata;In marcia / fermata / arresto;Conducente;M;Ricoverato;0;NON DECEDUTO;Non accertato;Inesploso
2013139;5;06/03/2014 13:00;Strada Urbana;VIA DI PORTONACCIO;all'intersezione con;LARGO GIOVANNI PITTALUGA;LARGO GIOVANNI PITTALUGA;;;Scontro frontale fra veicoli in marcia;Intersezione non regolata/non segnalata;Due carreggiate;Asciutto;Asfaltata;Verticale ed orizzontale;Sereno;Normale;Buona;Ore Diurne;0;0;0;2;12.53726;41.89989;-1;1;Autovettura privata;In marcia / fermata / arresto;Conducente;F;Illeso;0;;Non accertato;
2013139;5;06/03/2014 13:00;Strada Urbana;VIA DI PORTONACCIO;all'intersezione con;LARGO GIOVANNI PITTALUGA;LARGO GIOVANNI PITTALUGA;;;Scontro frontale fra veicoli in marcia;Intersezione non regolata/non segnalata;Due carreggiate;Asciutto;Asfaltata;Verticale ed orizzontale;Sereno;Normale;Buona;Ore Diurne;0;0;0;2;12.53726;41.89989;-1;1;Autovettura privata;In marcia / fermata / arresto;Passeggero;M;Illeso;0;;Non accertato;
2013141;19;06/03/2014 11:40;Strada Urbana;VIA DI CASAL DEL MARMO;in corrispondenza;;del civico n.;161;;Scontro laterale fra veicoli in marcia;Curva a visuale libera;Una carreggiata a doppio senso;Asciutto;Asfaltata;Orizzontale;Sereno;Normale;Buona;Ore Diurne;1;0;0;1;12.40596;41.96012;-1;1;Autovettura privata;In marcia / fermata / arresto;Conducente;M;Illeso;0;;Non accertato;Inesploso
2013141;19;06/03/2014 11:40;Strada Urbana;VIA DI CASAL DEL MARMO;in corrispondenza;;del civico n.;161;;Scontro laterale fra veicoli in marcia;Curva a visuale libera;Una carreggiata a doppio senso;Asciutto;Asfaltata;Orizzontale;Sereno;Normale;Buona;Ore Diurne;1;0;0;1;12.40596;41.96012;-1;2;Motociclo a solo;In marcia / fermata / arresto;Conducente;F;Rimandato;0;NON DECEDUTO;Non accertato;
2013143;13;06/03/2014 13:45;Strada Urbana;VIA ANTONIO FORNI;in corrispondenza;;del civico n.;56;;Veicolo in marcia contro veicolo in sosta;Rettilineo;Una carreggiata a senso unico di marcia;Asciutto;Asfaltata;Assente;Sereno;Scarso;Buona;Ore Diurne;0;0;0;1;12.2581948;41.7374895;-1;2;Autocarro inferiore 35 q.;In marcia / fermata / arresto;Conducente;M;Illeso;0;;Non accertato;Inesploso
2013151;10;06/03/2014 19:40;Strada Urbana;PIAZZA DI CINECITTA';all'intersezione semaforizzata con;VIA ORAZIO PULVILLO;VIA ORAZIO PULVILLO;;;Tamponamento;Intersezione semaforizzata;Due carreggiate;Asciutto;Asfaltata;Verticale ed orizzontale;Sereno;Normale;Sufficiente;Sufficiente;0;0;0;2;12.56964;41.85268;-1;1;Autovettura privata;In marcia / fermata / arresto;Conducente;M;Illeso;0;;Non accertato;Inesistente
2013151;10;06/03/2014 19:40;Strada Urbana;PIAZZA DI CINECITTA';all'intersezione semaforizzata con;VIA ORAZIO PULVILLO;VIA ORAZIO PULVILLO;;;Tamponamento;Intersezione semaforizzata;Due carreggiate;Asciutto;Asfaltata;Verticale ed orizzontale;Sereno;Normale;Sufficiente;Sufficiente;0;0;0;2;12.56964;41.85268;-1;2;Motociclo a solo;In marcia / fermata / arresto;Conducente;M;Illeso;0;;Non accertato;
2013163;7;06/03/2014 15:00;Strada Urbana;VIA COLLATINA;in prossimità;;del civico n.;398;;Tamponamento Multiplo;Rettilineo;Una carreggiata a doppio senso;Asciutto;Asfaltata;Orizzontale;Sereno;Normale;Buona;Ore Diurne;1;0;0;3;12.60362;41.90487;-1;1;Autovettura privata;In marcia / fermata / arresto;Conducente;M;Illeso;0;;Non accertato;Inesploso
2013163;7;06/03/2014 15:00;Strada Urbana;VIA COLLATINA;in prossimità;;del civico n.;398;;Tamponamento Multiplo;Rettilineo;Una carreggiata a doppio senso;Asciutto;Asfaltata;Orizzontale;Sereno;Normale;Buona;Ore Diurne;1;0;0;3;12.60362;41.90487;-1;2;Motocarro;In marcia / fermata / arresto;Conducente;M;Illeso;0;;Non accertato;Inesistente
2013163;7;06/03/2014 15:00;Strada Urbana;VIA COLLATINA;in prossimità;;del civico n.;398;;Tamponamento Multiplo;Rettilineo;Una carreggiata a doppio senso;Asciutto;Asfaltata;Orizzontale;Sereno;Normale;Buona;Ore Diurne;1;0;0;3;12.60362;41.90487;-1;3;Autovettura privata;In marcia / fermata / arresto;Conducente;M;Illeso;0;;Non accertato;Inesploso
2013163;7;06/03/2014 15:00;Strada Urbana;VIA COLLATINA;in prossimità;;del civico n.;398;;Tamponamento Multiplo;Rettilineo;Una carreggiata a doppio senso;Asciutto;Asfaltata;Orizzontale;Sereno;Normale;Buona;Ore Diurne;1;0;0;3;12.60362;41.90487;-1;3;Autovettura privata;In marcia / fermata / arresto;Passeggero;F;Rimandato;0;NON DECEDUTO;Non accertato;Inesploso
2013175;13;07/03/2014 02:05;Strada Urbana;VIALE DEI ROMAGNOLI;da specificare;;;;altezza km 24.500 della Via del Mare;Veicolo in marcia contro ostacolo fisso;Rettilineo;Una carreggiata a senso unico di marcia;Asciutto;Asfaltata;Orizzontale;Sereno;Scarso;Sufficiente;Inesistente;1;0;0;0;12.32203;41.76901;-1;1;Autovettura privata;In marcia / fermata / arresto;Conducente;F;Rimandato;0;NON DECEDUTO;Non accertato;Inesploso
2013179;20;06/03/2014 13:00;Strada Urbana;VIA CASSIA NUOVA;in prossimità;;della chilometrica;400;;Fuoriuscita dalla sede stradale;Rettilineo;Una carreggiata a doppio senso;Asciutto;Asfaltata;Verticale ed orizzontale;Sereno;Scarso;Buona;Ore Diurne;0;0;0;1;12.46764;41.95135;-1;1;Autovettura privata;In marcia / fermata / arresto;Conducente;F;Illeso;0;;Non accertato;Inesploso
2013185;19;06/03/2014 12:45;Strada Urbana;VIA ANDERSEN;in prossimità;;del civico n.;87;;Tamponamento;Rettilineo;Una carreggiata a doppio senso;Asciutto;Asfaltata;Assente;Sereno;Normale;Buona;Ore Diurne;0;0;0;3;12.40036;41.92333;-1;1;Autovettura privata;In marcia / fermata / arresto;Conducente;F;Illeso;0;;Non accertato;Inesploso
2013185;19;06/03/2014 12:45;Strada Urbana;VIA ANDERSEN;in prossimità;;del civico n.;87;;Tamponamento;Rettilineo;Una carreggiata a doppio senso;Asciutto;Asfaltata;Assente;Sereno;Normale;Buona;Ore Diurne;0;0;0;3;12.40036;41.92333;-1;2;Autovettura privata;In marcia / fermata / arresto;Conducente;M;Illeso;0;;Non accertato;Inesploso
2013185;19;06/03/2014 12:45;Strada Urbana;VIA ANDERSEN;in prossimità;;del civico n.;87;;Tamponamento;Rettilineo;Una carreggiata a doppio senso;Asciutto;Asfaltata;Assente;Sereno;Normale;Buona;Ore Diurne;0;0;0;3;12.40036;41.92333;-1;2;Autovettura privata;In marcia / fermata / arresto;Passeggero;F;Illeso;0;;Non accertato;
2013187;20;06/03/2014 06:30;Strada Urbana;VIA DEL FORO ITALICO;da specificare;;;;altezza Viale Tor di Quinto direzione stadio;Veicolo in marcia contro ostacolo fisso;Rettilineo;Due carreggiate;Asciutto;Asfaltata;Verticale ed orizzontale;Sereno;Normale;Buona;Sufficiente;0;0;0;1;12.48091;41.94027;-1;1;Autovettura privata;In marcia / fermata / arresto;Conducente;M;Illeso;0;;Non accertato;Inesploso
2013189;13;07/03/2014 04:00;Strada Urbana;VIA LIDO DI CASTEL PORZIANO;da specificare;;;;km 1 dalla Via Litoranea in dir. Via C. Colombo;Fuoriuscita dalla sede stradale;Rettilineo;Una carreggiata a doppio senso;Asciutto;Asfaltata;Orizzontale;Sereno;Scarso;Insufficiente;Inesistente;1;0;0;0;12.35069;41.71813;-1;1;Autovettura privata;In marcia / fermata / arresto;Conducente;M;Ricoverato;0;NON DECEDUTO;Non accertato;Inesistente
2013194;17;06/03/2014 11:52;Strada Urbana;PIAZZA DEL RISORGIMENTO;in prossimità;;del civico n.;20;;Scontro laterale fra veicoli in marcia;Rettilineo;Una carreggiata a senso unico di marcia;Asciutto;Asfaltata;Verticale ed orizzontale;Sereno;Normale;Buona;Ore Diurne;0;0;0;2;12.4566323;41.907025;-1;1;Autovettura privata;In marcia / fermata / arresto;Conducente;M;Illeso;0;;Non accertato;Inesploso
2013194;17;06/03/2014 11:52;Strada Urbana;PIAZZA DEL RISORGIMENTO;in prossimità;;del civico n.;20;;Scontro laterale fra veicoli in marcia;Rettilineo;Una carreggiata a senso unico di marcia;Asciutto;Asfaltata;Verticale ed orizzontale;Sereno;Normale;Buona;Ore Diurne;0;0;0;2;12.4566323;41.907025;-1;2;Autovettura privata;In marcia / fermata / arresto;Conducente;M;Illeso;0;;Non accertato;Inesploso
2013195;17;06/03/2014 16:50;Strada Urbana;VIA FRANCESCO SIVORI;in corrispondenza;;del civico n.;11;;Veicolo in marcia contro veicolo in sosta;Rettilineo;Una carreggiata a senso unico di marcia;Asciutto;Asfaltata;Verticale ed orizzontale;Sereno;Scarso;Buona;Ore Diurne;0;0;0;1;12.44721;41.90576;-1;1;Autovettura privata;In marcia / fermata / arresto;Conducente;M;Illeso;0;;Non accertato;
2013197;1;05/03/2014 13:25;Strada Urbana;PIAZZALE UGO LA MALFA;all'intersezione con;VIA DEL CIRCO MASSIMO;VIA DEL CIRCO MASSIMO;;;Scontro frontale/laterale DX fra veicoli in marcia;Incrocio;Una carreggiata a doppio senso;Asciutto;Asfaltata;Verticale ed orizzontale;Sereno;Normale;Buona;Ore Diurne;0;0;0;2;12.48491;41.88537;-1;1;Autovettura privata;In marcia / fermata / arresto;Conducente;M;Illeso;0;;;
2013197;1;05/03/2014 13:25;Strada Urbana;PIAZZALE UGO LA MALFA;all'intersezione con;VIA DEL CIRCO MASSIMO;VIA DEL CIRCO MASSIMO;;;Scontro frontale/laterale DX fra veicoli in marcia;Incrocio;Una carreggiata a doppio senso;Asciutto;Asfaltata;Verticale ed orizzontale;Sereno;Normale;Buona;Ore Diurne;0;0;0;2;12.48491;41.88537;-1;2;Autovettura privata;In marcia / fermata / arresto;Conducente;M;Illeso;0;;;
2013212;20;06/03/2014 11:00;Strada Urbana;VIA DEL FORO ITALICO;da specificare;;;;direzione Salaria uscita galleria Fleming;Tamponamento;Rettilineo;Due carreggiate;Asciutto;Asfaltata;Temporanea di cantiere;Nuvoloso;Normale;Buona;Ore Diurne;0;0;0;4;12.47584;41.94078;-1;1;Autovettura privata;In marcia / fermata / arresto;Conducente;M;Illeso;0;;Utilizzato;Inesploso
2013212;20;06/03/2014 11:00;Strada Urbana;VIA DEL FORO ITALICO;da specificare;;;;direzione Salaria uscita galleria Fleming;Tamponamento;Rettilineo;Due carreggiate;Asciutto;Asfaltata;Temporanea di cantiere;Nuvoloso;Normale;Buona;Ore Diurne;0;0;0;4;12.47584;41.94078;-1;1;Autovettura privata;In marcia / fermata / arresto;Passeggero;M;Illeso;0;;Non accertato;
2013212;20;06/03/2014 11:00;Strada Urbana;VIA DEL FORO ITALICO;da specificare;;;;direzione Salaria uscita galleria Fleming;Tamponamento;Rettilineo;Due carreggiate;Asciutto;Asfaltata;Temporanea di cantiere;Nuvoloso;Normale;Buona;Ore Diurne;0;0;0;4;12.47584;41.94078;-1;1;Autovettura privata;In marcia / fermata / arresto;Passeggero;M;Illeso;0;;Non accertato;
2013212;20;06/03/2014 11:00;Strada Urbana;VIA DEL FORO ITALICO;da specificare;;;;direzione Salaria uscita galleria Fleming;Tamponamento;Rettilineo;Due carreggiate;Asciutto;Asfaltata;Temporanea di cantiere;Nuvoloso;Normale;Buona;Ore Diurne;0;0;0;4;12.47584;41.94078;-1;2;Autovettura privata;In marcia / fermata / arresto;Conducente;M;Illeso;0;;Utilizzato;Inesploso
2013218;1;05/03/2014 18:10;Strada Urbana;VIALE GLORIOSO;in corrispondenza;;del civico n.;3;;Veicolo in marcia contro ostacolo accidentale;Rettilineo;Una carreggiata a senso unico di marcia;Asciutto;Asfaltata;Verticale ed orizzontale;Sereno;Normale;Buona;Sufficiente;1;0;0;0;12.46913;41.88454;-1;1;Motociclo a solo;In marcia / fermata / arresto;Conducente;F;Rimandato;0;NON DECEDUTO;Utilizzato;
2013220;4;06/03/2014 08:20;Strada Urbana;VIADOTTO GIUSEPPE SARAGAT;da specificare;;;;altezza svincolo inversione di marcia;Veicolo in marcia contro ostacolo accidentale;Rettilineo;Due carreggiate;Asciutto;Asfaltata;Verticale ed orizzontale;Sereno;Normale;Buona;Ore Diurne;0;0;0;3;12.51795;41.9762;-1;1;Autovettura privata;In marcia / fermata / arresto;Conducente;M;Illeso;0;;Non accertato;
2013220;4;06/03/2014 08:20;Strada Urbana;VIADOTTO GIUSEPPE SARAGAT;da specificare;;;;altezza svincolo inversione di marcia;Veicolo in marcia contro ostacolo accidentale;Rettilineo;Due carreggiate;Asciutto;Asfaltata;Verticale ed orizzontale;Sereno;Normale;Buona;Ore Diurne;0;0;0;3;12.51795;41.9762;-1;1;Autovettura privata;In marcia / fermata / arresto;Passeggero;M;Illeso;0;;;
2013220;4;06/03/2014 08:20;Strada Urbana;VIADOTTO GIUSEPPE SARAGAT;da specificare;;;;altezza svincolo inversione di marcia;Veicolo in marcia contro ostacolo accidentale;Rettilineo;Due carreggiate;Asciutto;Asfaltata;Verticale ed orizzontale;Sereno;Normale;Buona;Ore Diurne;0;0;0;3;12.51795;41.9762;-1;1;Autovettura privata;In marcia / fermata / arresto;Passeggero;F;Illeso;0;;Non accertato;
2013227;4;06/03/2014 17:50;Strada Urbana;VIALE CESCO BASEGGIO;in corrispondenza;;del civico n.;2;;Veicolo in marcia contro veicolo fermo;Rettilineo;Due carreggiate;Asciutto;Asfaltata;Verticale ed orizzontale;Sereno;Normale;Sufficiente;Ore Diurne;0;0;0;2;12.53426;41.96679;-1;1;Autovettura privata;In marcia / fermata / arresto;Conducente;M;Illeso;0;;Non accertato;
2013227;4;06/03/2014 17:50;Strada Urbana;VIALE CESCO BASEGGIO;in corrispondenza;;del civico n.;2;;Veicolo in marcia contro veicolo fermo;Rettilineo;Due carreggiate;Asciutto;Asfaltata;Verticale ed orizzontale;Sereno;Normale;Sufficiente;Ore Diurne;0;0;0;2;12.53426;41.96679;-1;2;Autobus urbano;In marcia / fermata / arresto;Conducente;M;Illeso;0;;Non accertato;
2013232;4;06/03/2014 12:15;Statale entro l'abitato;VIA SALARIA;in corrispondenza;;del civico n.;691/A;;Tamponamento;Rettilineo;Due carreggiate;Asciutto;Asfaltata;Orizzontale;Nuvoloso;Intenso;Buona;Ore Diurne;0;0;0;2;12.50746;41.94247;-1;1;Autovettura privata;In marcia / fermata / arresto;Conducente;M;Illeso;0;;Non accertato;Inesploso
2013232;4;06/03/2014 12:15;Statale entro l'abitato;VIA SALARIA;in corrispondenza;;del civico n.;691/A;;Tamponamento;Rettilineo;Due carreggiate;Asciutto;Asfaltata;Orizzontale;Nuvoloso;Intenso;Buona;Ore Diurne;0;0;0;2;12.50746;41.94247;-1;2;Autocarro inferiore 35 q.;In marcia / fermata / arresto;Conducente;M;Illeso;0;;Esente;Inesploso
2013233;7;06/03/2014 18:25;Provinciale entro l'abitato;VIA PRENESTINA;in prossimità;;del civico n.;909;;Scontro laterale fra veicoli in marcia;Rettilineo;Una carreggiata a doppio senso;Asciutto;Asfaltata;Verticale ed orizzontale;Sereno;Intenso;Buona;Ore Diurne;0;0;0;2;12.6022;41.89322;-1;1;Autocarro inferiore 35 q.;In marcia / fermata / arresto;Conducente;M;Illeso;0;;Non accertato;Inesistente
2013233;7;06/03/2014 18:25;Provinciale entro l'abitato;VIA PRENESTINA;in prossimità;;del civico n.;909;;Scontro laterale fra veicoli in marcia;Rettilineo;Una carreggiata a doppio senso;Asciutto;Asfaltata;Verticale ed orizzontale;Sereno;Intenso;Buona;Ore Diurne;0;0;0;2;12.6022;41.89322;-1;2;Autovettura privata;In marcia / fermata / arresto;Conducente;M;Illeso;0;;Non accertato;Inesistente
2013253;4;06/03/2014 10:00;Strada Urbana;VIA GRAZIA DELEDDA;in corrispondenza;;del civico n.;121;;Veicolo in marcia contro ostacolo accidentale;Rettilineo;Una carreggiata a senso unico di marcia;Asciutto;Asfaltata;Orizzontale;Sereno;Scarso;Buona;Ore Diurne;0;0;0;1;12.56342;41.94653;-1;1;Autovettura privata;In marcia / fermata / arresto;Conducente;M;Illeso;0;;Non accertato;
2013259;17;06/03/2014 12:45;Strada Urbana;VIA ROMEO ROMEI;all'intersezione con;VIALE GIOVANNI FALCONE E PAOLO BORSELLIN;VIALE GIOVANNI FALCONE E PAOLO BORSELLIN;;;Veicolo in marcia contro veicolo in sosta;Intersezione stradale segnalata;Una carreggiata a senso unico di marcia;Asciutto;Asfaltata;Verticale ed orizzontale;Sereno;Scarso;Buona;Ore Diurne;0;0;0;1;12.4524;41.9194;-1;1;Autovettura privata;In marcia / fermata / arresto;Conducente;M;Illeso;0;;Non accertato;Inesploso
2013270;4;06/03/2014 12:30;Strada Urbana;VIA VAL DI SANGRO;all'intersezione semaforizzata con;VIA VAL DI LANZO;VIA VAL DI LANZO;;;Scontro frontale/laterale DX fra veicoli in marcia;Intersezione semaforizzata;Una carreggiata a doppio senso;Asciutto;Asfaltata;Verticale ed orizzontale;Nuvoloso;Normale;Buona;Ore Diurne;1;0;0;5;12.52222;41.9449;-1;1;Autovettura privata;In marcia / fermata / arresto;Conducente;M;Rimandato;0;NON DECEDUTO;Non accertato;Inesploso
2013270;4;06/03/2014 12:30;Strada Urbana;VIA VAL DI SANGRO;all'intersezione semaforizzata con;VIA VAL DI LANZO;VIA VAL DI LANZO;;;Scontro frontale/laterale DX fra veicoli in marcia;Intersezione semaforizzata;Una carreggiata a doppio senso;Asciutto;Asfaltata;Verticale ed orizzontale;Nuvoloso;Normale;Buona;Ore Diurne;1;0;0;5;12.52222;41.9449;-1;2;Autovettura privata;In marcia / fermata / arresto;Conducente;F;Illeso;0;;Non accertato;Inesploso
2013270;4;06/03/2014 12:30;Strada Urbana;VIA VAL DI SANGRO;all'intersezione semaforizzata con;VIA VAL DI LANZO;VIA VAL DI LANZO;;;Scontro frontale/laterale DX fra veicoli in marcia;Intersezione semaforizzata;Una carreggiata a doppio senso;Asciutto;Asfaltata;Verticale ed orizzontale;Nuvoloso;Normale;Buona;Ore Diurne;1;0;0;5;12.52222;41.9449;-1;2;Autovettura privata;In marcia / fermata / arresto;Passeggero;M;Illeso;0;;Non accertato;
2013270;4;06/03/2014 12:30;Strada Urbana;VIA VAL DI SANGRO;all'intersezione semaforizzata con;VIA VAL DI LANZO;VIA VAL DI LANZO;;;Scontro frontale/laterale DX fra veicoli in marcia;Intersezione semaforizzata;Una carreggiata a doppio senso;Asciutto;Asfaltata;Verticale ed orizzontale;Nuvoloso;Normale;Buona;Ore Diurne;1;0;0;5;12.52222;41.9449;-1;2;Autovettura privata;In marcia / fermata / arresto;Passeggero;F;Illeso;0;;Non accertato;Inesploso
2013270;4;06/03/2014 12:30;Strada Urbana;VIA VAL DI SANGRO;all'intersezione semaforizzata con;VIA VAL DI LANZO;VIA VAL DI LANZO;;;Scontro frontale/laterale DX fra veicoli in marcia;Intersezione semaforizzata;Una carreggiata a doppio senso;Asciutto;Asfaltata;Verticale ed orizzontale;Nuvoloso;Normale;Buona;Ore Diurne;1;0;0;5;12.52222;41.9449;-1;3;Autovettura privata;In marcia / fermata / arresto;Conducente;M;Illeso;0;;Non accertato;Inesploso
2013270;4;06/03/2014 12:30;Strada Urbana;VIA VAL DI SANGRO;all'intersezione semaforizzata con;VIA VAL DI LANZO;VIA VAL DI LANZO;;;Scontro frontale/laterale DX fra veicoli in marcia;Intersezione semaforizzata;Una carreggiata a doppio senso;Asciutto;Asfaltata;Verticale ed orizzontale;Nuvoloso;Normale;Buona;Ore Diurne;1;0;0;5;12.52222;41.9449;-1;3;Autovettura privata;In marcia / fermata / arresto;Passeggero;M;Illeso;0;;Non accertato;Inesploso
2013309;2;06/03/2014 12:30;Strada Urbana;VIA DEL FORO ITALICO;da specificare;;;;dir. Stadio altezza distributore IP;Tamponamento;Rettilineo;Due carreggiate;Asciutto;Asfaltata;Verticale ed orizzontale;Sereno;Normale;Buona;Ore Diurne;0;0;0;2;12.48945;41.93941;-1;1;Autovettura pubblica;In marcia / fermata / arresto;Conducente;M;Illeso;0;;Non accertato;Inesploso
2013309;2;06/03/2014 12:30;Strada Urbana;VIA DEL FORO ITALICO;da specificare;;;;dir. Stadio altezza distributore IP;Tamponamento;Rettilineo;Due carreggiate;Asciutto;Asfaltata;Verticale ed orizzontale;Sereno;Normale;Buona;Ore Diurne;0;0;0;2;12.48945;41.93941;-1;2;Autovettura privata;In marcia / fermata / arresto;Conducente;F;Illeso;0;;Non accertato;Inesploso
2013323;3;06/03/2014 13:50;Strada Urbana;VIA DEI SARDI;all'intersezione con;VIA DEI LIGURI;VIA DEI LIGURI;;;Scontro frontale/laterale DX fra veicoli in marcia;Incrocio;Una carreggiata a senso unico di marcia;Asciutto;Strada pavimentata dissestata;Verticale ed orizzontale;Sereno;Normale;Buona;Ore Diurne;0;0;0;2;12.51667;41.89684;-1;1;Autocarro inferiore 35 q.;In marcia / fermata / arresto;Conducente;M;Illeso;0;;Utilizzato;Inesploso
2013323;3;06/03/2014 13:50;Strada Urbana;VIA DEI SARDI;all'intersezione con;VIA DEI LIGURI;VIA DEI LIGURI;;;Scontro frontale/laterale DX fra veicoli in marcia;Incrocio;Una carreggiata a senso unico di marcia;Asciutto;Strada pavimentata dissestata;Verticale ed orizzontale;Sereno;Normale;Buona;Ore Diurne;0;0;0;2;12.51667;41.89684;-1;2;Autovettura privata;In marcia / fermata / arresto;Conducente;F;Illeso;0;;Utilizzato;Inesploso
2013328;1;05/03/2014 21:45;Strada Urbana;PIAZZA DI PORTA S. GIOVANNI;in prossimità;;del palo luce n.;54;;Tamponamento;Rettilineo;Una carreggiata a doppio senso;Asciutto;Asfaltata;Verticale ed orizzontale;Sereno;Scarso;Sufficiente;Sufficiente;2;0;0;0;12.50647;41.88698;-1;1;Autovettura privata;In marcia / fermata / arresto;Conducente;F;Rifiuta cure immediate;0;NON DECEDUTO;Non accertato;
2013328;1;05/03/2014 21:45;Strada Urbana;PIAZZA DI PORTA S. GIOVANNI;in prossimità;;del palo luce n.;54;;Tamponamento;Rettilineo;Una carreggiata a doppio senso;Asciutto;Asfaltata;Verticale ed orizzontale;Sereno;Scarso;Sufficiente;Sufficiente;2;0;0;0;12.50647;41.88698;-1;2;Autovettura pubblica;In marcia / fermata / arresto;Conducente;M;Rifiuta cure immediate;0;NON DECEDUTO;Non accertato;
2013340;17;06/03/2014 08:00;Strada Urbana;VIA GIUSEPPE FERRARI;all'intersezione con;VIA ANTONIO MORDINI;VIA ANTONIO MORDINI;;;Scontro frontale/laterale DX fra veicoli in marcia;Intersezione stradale segnalata;Una carreggiata a senso unico di marcia;Asciutto;Asfaltata;Verticale ed orizzontale;Nuvoloso;Normale;Buona;Ore Diurne;0;0;0;2;12.46449;41.91417;-1;1;Autovettura privata;In marcia / fermata / arresto;Conducente;F;Illeso;0;;Non accertato;Inesploso
2013340;17;06/03/2014 08:00;Strada Urbana;VIA GIUSEPPE FERRARI;all'intersezione con;VIA ANTONIO MORDINI;VIA ANTONIO MORDINI;;;Scontro frontale/laterale DX fra veicoli in marcia;Intersezione stradale segnalata;Una carreggiata a senso unico di marcia;Asciutto;Asfaltata;Verticale ed orizzontale;Nuvoloso;Normale;Buona;Ore Diurne;0;0;0;2;12.46449;41.91417;-1;2;Autocarro inferiore 35 q.;In marcia / fermata / arresto;Conducente;M;Illeso;0;;Non accertato;Inesistente
2013353;18;05/03/2014 06:10;Strada Urbana;VIA DELLA MAGLIANELLA;in prossimità;;del civico n.;330;;Scontro laterale fra veicoli in marcia;Rettilineo;Una carreggiata a senso unico di marcia;Asciutto;Asfaltata;Verticale ed orizzontale;Sereno;Scarso;Sufficiente;Sufficiente;1;0;0;1;12.38426;41.91403;-1;1;Autovettura privata;In marcia / fermata / arresto;Conducente;M;Illeso;0;;Non accertato;Inesploso
2013353;18;05/03/2014 06:10;Strada Urbana;VIA DELLA MAGLIANELLA;in prossimità;;del civico n.;330;;Scontro laterale fra veicoli in marcia;Rettilineo;Una carreggiata a senso unico di marcia;Asciutto;Asfaltata;Verticale ed orizzontale;Sereno;Scarso;Sufficiente;Sufficiente;1;0;0;1;12.38426;41.91403;-1;2;Autovettura privata;In marcia / fermata / arresto;Conducente;M;Rimandato;0;NON DECEDUTO;Non accertato;Inesploso