Protocollo;Gruppo;DataOraIncidente;Localizzazione1;STRADA1;Localizzazione2;STRADA2;Strada02;Chilometrica;DaSpecificare;NaturaIncidente;particolaritastrade;TipoStrada;FondoStradale;Pavimentazione;Segnaletica;CondizioneAtmosferica;Traffico;Visibilita;Illuminazione;NUM_FERITI;NUM_RISERVATA;NUM_MORTI;NUM_ILLESI;Longitudine;Latitudine;Confermato;Progressivo;TipoVeicolo;StatoVeicolo;TipoPersona;Sesso;Tipolesione;Deceduto;DecedutoDopo;CinturaCascoUtilizzato;Airbag
2019578;20;15/03/2014 13:50;Strada Urbana;CORSO DI FRANCIA;da specificare;;;;direzione GRA pross. Rampa Via del Foro Italico ;Tamponamento Multiplo;Rettilineo;Due carreggiate;Asciutto;Asfaltata;Verticale ed orizzontale;Sereno;Normale;Buona;Ore Diurne;0;0;0;4;12.47127;41.93989;-1;1;Autovettura privata;In marcia / fermata / arresto;Conducente;F;Illeso;0;;Non accertato;
2019578;20;15/03/2014 13:50;Strada Urbana;CORSO DI FRANCIA;da specificare;;;;direzione GRA pross. Rampa Via del Foro Italico ;Tamponamento Multiplo;Rettilineo;Due carreggiate;Asciutto;Asfaltata;Verticale ed orizzontale;Sereno;Normale;Buona;Ore Diurne;0;0;0;4;12.47127;41.93989;-1;2;Quadriciclo leggero;In marcia / fermata / arresto;Conducente;M;Illeso;0;;Non accertato;
2019578;20;15/03/2014 13:50;Strada Urbana;CORSO DI FRANCIA;da specificare;;;;direzione GRA pross. Rampa Via del Foro Italico ;Tamponamento Multiplo;Rettilineo;Due carreggiate;Asciutto;Asfaltata;Verticale ed orizzontale;Sereno;Normale;Buona;Ore Diurne;0;0;0;4;12.47127;41.93989;-1;3;Autovettura privata;In marcia / fermata / arresto;Conducente;M;Illeso;0;;;
2019578;20;15/03/2014 13:50;Strada Urbana;CORSO DI FRANCIA;da specificare;;;;direzione GRA pross. Rampa Via del Foro Italico ;Tamponamento Multiplo;Rettilineo;Due carreggiate;Asciutto;Asfaltata;Verticale ed orizzontale;Sereno;Normale;Buona;Ore Diurne;0;0;0;4;12.47127;41.93989;-1;3;Autovettura privata;In marcia / fermata / arresto;Passeggero;M;Illeso;0;;Non accertato;
2019611;6;14/03/2014 21:00;Strada Urbana;VIA PRENESTINA;in corrispondenza;;del civico n.;430;;Tamponamento;Rettilineo;Più di due carreggiate;Asciutto;Asfaltata;Orizzontale;Sereno;Scarso;Buona;Sufficiente;1;0;0;2;12.565;41.89492;-1;1;Autovettura privata;In marcia / fermata / arresto;Conducente;M;Illeso;0;;Utilizzato;
2019611;6;14/03/2014 21:00;Strada Urbana;VIA PRENESTINA;in corrispondenza;;del civico n.;430;;Tamponamento;Rettilineo;Più di due carreggiate;Asciutto;Asfaltata;Orizzontale;Sereno;Scarso;Buona;Sufficiente;1;0;0;2;12.565;41.89492;-1;1;Autovettura privata;In marcia / fermata / arresto;Passeggero;F;Illeso;0;;Non accertato;
2019611;6;14/03/2014 21:00;Strada Urbana;VIA PRENESTINA;in corrispondenza;;del civico n.;430;;Tamponamento;Rettilineo;Più di due carreggiate;Asciutto;Asfaltata;Orizzontale;Sereno;Scarso;Buona;Sufficiente;1;0;0;2;12.565;41.89492;-1;2;Motociclo a solo;In marcia / fermata / arresto;Conducente;M;Rimandato;0;NON DECEDUTO;;
2019615;6;14/03/2014 18:10;Strada Urbana;VIA FRANCESCO FERRAIRONI;in prossimità;;del civico n.;38;;Veicolo in marcia contro veicolo arresto;Rettilineo;Una carreggiata a senso unico di marcia;Asciutto;Asfaltata;Verticale ed orizzontale;Sereno;Scarso;Buona;Ore Diurne;0;0;0;2;12.55755;41.87902;-1;1;Autovettura privata;In marcia / fermata / arresto;Conducente;M;Illeso;0;;Non accertato;Inesploso
2019615;6;14/03/2014 18:10;Strada Urbana;VIA FRANCESCO FERRAIRONI;in prossimità;;del civico n.;38;;Veicolo in marcia contro veicolo arresto;Rettilineo;Una carreggiata a senso unico di marcia;Asciutto;Asfaltata;Verticale ed orizzontale;Sereno;Scarso;Buona;Ore Diurne;0;0;0;2;12.55755;41.87902;-1;2;Autovettura privata;In marcia / fermata / arresto;Conducente;F;Illeso;0;;Non accertato;Inesploso
2019616;6;15/03/2014 15:00;Strada Urbana;VIA CASILINA;in prossimità;;del civico n.;512;;Scontro frontale fra veicoli in marcia;Rettilineo;Due carreggiate;Asciutto;Asfaltata;Assente;Sereno;Scarso;Buona;Ore Diurne;1;0;0;1;12.54567;41.87864;-1;1;Autovettura privata;In marcia / fermata / arresto;Conducente;M;Illeso;0;;Utilizzato;Inesploso
2019616;6;15/03/2014 15:00;Strada Urbana;VIA CASILINA;in prossimità;;del civico n.;512;;Scontro frontale fra veicoli in marcia;Rettilineo;Due carreggiate;Asciutto;Asfaltata;Assente;Sereno;Scarso;Buona;Ore Diurne;1;0;0;1;12.54567;41.87864;-1;2;Velocipede;In marcia / fermata / arresto;Conducente;M;Rimandato;0;NON DECEDUTO;Esente;
2019618;6;15/03/2014 16:15;Strada Urbana;VIA COLLATINA;all'intersezione con;VIA DINO PENAZZATO;VIA DINO PENAZZATO;;;Scontro frontale fra veicoli in marcia;Incrocio;Una carreggiata a doppio senso;Asciutto;Asfaltata;Verticale ed orizzontale;Sereno;Normale;Buona;Ore Diurne;0;0;0;4;12.56277;41.89637;-1;1;Autovettura privata;In marcia / fermata / arresto;Conducente;M;Illeso;0;;Non accertato;
2019618;6;15/03/2014 16:15;Strada Urbana;VIA COLLATINA;all'intersezione con;VIA DINO PENAZZATO;VIA DINO PENAZZATO;;;Scontro frontale fra veicoli in marcia;Incrocio;Una carreggiata a doppio senso;Asciutto;Asfaltata;Verticale ed orizzontale;Sereno;Normale;Buona;Ore Diurne;0;0;0;4;12.56277;41.89637;-1;1;Autovettura privata;In marcia / fermata / arresto;Passeggero;F;Illeso;0;;Non accertato;
2019618;6;15/03/2014 16:15;Strada Urbana;VIA COLLATINA;all'intersezione con;VIA DINO PENAZZATO;VIA DINO PENAZZATO;;;Scontro frontale fra veicoli in marcia;Incrocio;Una carreggiata a doppio senso;Asciutto;Asfaltata;Verticale ed orizzontale;Sereno;Normale;Buona;Ore Diurne;0;0;0;4;12.56277;41.89637;-1;1;Autovettura privata;In marcia / fermata / arresto;Passeggero;F;Illeso;0;;Non accertato;Inesploso
2019618;6;15/03/2014 16:15;Strada Urbana;VIA COLLATINA;all'intersezione con;VIA DINO PENAZZATO;VIA DINO PENAZZATO;;;Scontro frontale fra veicoli in marcia;Incrocio;Una carreggiata a doppio senso;Asciutto;Asfaltata;Verticale ed orizzontale;Sereno;Normale;Buona;Ore Diurne;0;0;0;4;12.56277;41.89637;-1;2;Autovettura privata;In marcia / fermata / arresto;Conducente;F;Illeso;0;;Non accertato;
2019619;7;15/03/2014 15:45;Provinciale entro l'abitato;VIA PRENESTINA;in prossimità;;del civico n.;890;;Scontro frontale fra veicoli in marcia;Rettilineo;Una carreggiata a doppio senso;Asciutto;Asfaltata;Verticale ed orizzontale;Sereno;Normale;Buona;Ore Diurne;1;0;0;1;12.59233;41.89405;-1;1;Autovettura privata;In marcia / fermata / arresto;Conducente;M;Illeso;0;;Non accertato;Inesploso
2019619;7;15/03/2014 15:45;Provinciale entro l'abitato;VIA PRENESTINA;in prossimità;;del civico n.;890;;Scontro frontale fra veicoli in marcia;Rettilineo;Una carreggiata a doppio senso;Asciutto;Asfaltata;Verticale ed orizzontale;Sereno;Normale;Buona;Ore Diurne;1;0;0;1;12.59233;41.89405;-1;2;Motociclo a solo;In marcia / fermata / arresto;Conducente;M;Rimandato;0;NON DECEDUTO;Utilizzato;
2019623;6;15/03/2014 17:20;Strada Urbana;VIA PRENESTINA;all'intersezione con;VIA ARGENTINA ALTOBELLI;VIA ARGENTINA ALTOBELLI;;;Scontro laterale fra veicoli in marcia;Incrocio;Più di due carreggiate;Asciutto;Asfaltata;Verticale ed orizzontale;Sereno;Normale;Buona;Ore Diurne;0;0;0;2;12.56404;41.89509;-1;1;Autovettura privata;In marcia / fermata / arresto;Conducente;M;Illeso;0;;Non accertato;Inesploso
2019623;6;15/03/2014 17:20;Strada Urbana;VIA PRENESTINA;all'intersezione con;VIA ARGENTINA ALTOBELLI;VIA ARGENTINA ALTOBELLI;;;Scontro laterale fra veicoli in marcia;Incrocio;Più di due carreggiate;Asciutto;Asfaltata;Verticale ed orizzontale;Sereno;Normale;Buona;Ore Diurne;0;0;0;2;12.56404;41.89509;-1;2;Autovettura privata;In marcia / fermata / arresto;Conducente;M;Illeso;0;;Non accertato;Inesploso
2019625;6;16/03/2014 02:45;Strada Urbana;VIA TOR DE' SCHIAVI;in prossimità;;del civico n.;251;;Scontro frontale/laterale SX fra veicoli in marcia;Rettilineo;Due carreggiate;Asciutto;Asfaltata;Verticale ed orizzontale;Sereno;Scarso;Sufficiente;Sufficiente;0;0;0;2;12.56102;41.88897;-1;1;Autovettura privata;In marcia / fermata / arresto;Conducente;M;Illeso;0;;Non accertato;Inesploso
2019625;6;16/03/2014 02:45;Strada Urbana;VIA TOR DE' SCHIAVI;in prossimità;;del civico n.;251;;Scontro frontale/laterale SX fra veicoli in marcia;Rettilineo;Due carreggiate;Asciutto;Asfaltata;Verticale ed orizzontale;Sereno;Scarso;Sufficiente;Sufficiente;0;0;0;2;12.56102;41.88897;-1;2;Autovettura privata;In marcia / fermata / arresto;Conducente;F;Illeso;0;;Non accertato;Inesploso
2019641;12;14/03/2014 13:25;Strada Urbana;VIALE DEI CADUTI PER LA RESISTENZA;in prossimità;;del civico n.;258;;Scontro laterale fra veicoli in marcia;Curva a visuale libera;Una carreggiata a senso unico di marcia;Asciutto;Asfaltata;Verticale ed orizzontale;Sereno;Normale;Buona;Ore Diurne;0;0;0;2;12.44131;41.78351;-1;1;Autovettura privata;In marcia / fermata / arresto;Conducente;F;Illeso;0;;Utilizzato;Inesploso
2019641;12;14/03/2014 13:25;Strada Urbana;VIALE DEI CADUTI PER LA RESISTENZA;in prossimità;;del civico n.;258;;Scontro laterale fra veicoli in marcia;Curva a visuale libera;Una carreggiata a senso unico di marcia;Asciutto;Asfaltata;Verticale ed orizzontale;Sereno;Normale;Buona;Ore Diurne;0;0;0;2;12.44131;41.78351;-1;2;Autovettura privata;In marcia / fermata / arresto;Conducente;F;Illeso;0;;Utilizzato;Inesploso
2019660;7;20/03/2014 15:25;Strada Urbana;VIALE ALESSANDRINO;all'intersezione con;VIA DEGLI OLMI;VIA DEGLI OLMI;;;Scontro laterale fra veicoli in marcia;Incrocio;Una carreggiata a doppio senso;Asciutto;Asfaltata;Verticale ed orizzontale;Sereno;Normale;Buona;Ore Diurne;1;0;0;1;12.57796;41.87918;-1;1;Autovettura privata;In marcia / fermata / arresto;Conducente;M;Illeso;0;;Non accertato;Inesploso
2019660;7;20/03/2014 15:25;Strada Urbana;VIALE ALESSANDRINO;all'intersezione con;VIA DEGLI OLMI;VIA DEGLI OLMI;;;Scontro laterale fra veicoli in marcia;Incrocio;Una carreggiata a doppio senso;Asciutto;Asfaltata;Verticale ed orizzontale;Sereno;Normale;Buona;Ore Diurne;1;0;0;1;12.57796;41.87918;-1;2;Motociclo a solo;In marcia / fermata / arresto;Conducente;M;Rimandato;0;NON DECEDUTO;Utilizzato;
2019661;7;15/03/2014 17:00;Strada Urbana;VIA DI TOR TRE TESTE;in prossimità;;del civico n.;240;;Tamponamento;Rettilineo;Una carreggiata a doppio senso;Asciutto;Asfaltata;Orizzontale;Sereno;Normale;Buona;Ore Diurne;0;0;0;4;12.59119;41.89406;-1;1;Autovettura privata;In marcia / fermata / arresto;Conducente;M;Illeso;0;;Non accertato;Inesploso
2019661;7;15/03/2014 17:00;Strada Urbana;VIA DI TOR TRE TESTE;in prossimità;;del civico n.;240;;Tamponamento;Rettilineo;Una carreggiata a doppio senso;Asciutto;Asfaltata;Orizzontale;Sereno;Normale;Buona;Ore Diurne;0;0;0;4;12.59119;41.89406;-1;1;Autovettura privata;In marcia / fermata / arresto;Passeggero;M;Illeso;0;;Non accertato;Inesploso
2019661;7;15/03/2014 17:00;Strada Urbana;VIA DI TOR TRE TESTE;in prossimità;;del civico n.;240;;Tamponamento;Rettilineo;Una carreggiata a doppio senso;Asciutto;Asfaltata;Orizzontale;Sereno;Normale;Buona;Ore Diurne;0;0;0;4;12.59119;41.89406;-1;2;Autovettura privata;In marcia / fermata / arresto;Conducente;F;Illeso;0;;Non accertato;Inesploso
2019661;7;15/03/2014 17:00;Strada Urbana;VIA DI TOR TRE TESTE;in prossimità;;del civico n.;240;;Tamponamento;Rettilineo;Una carreggiata a doppio senso;Asciutto;Asfaltata;Orizzontale;Sereno;Normale;Buona;Ore Diurne;0;0;0;4;12.59119;41.89406;-1;2;Autovettura privata;In marcia / fermata / arresto;Passeggero;F;Illeso;0;;Non accertato;Inesploso
2019673;12;15/03/2014 15:25;Strada Urbana;VIA CRISTOFORO COLOMBO;da specificare;;;;DIR. CENTRO LATERALE ALT. P.LE NAZIONI UNITE;Tamponamento;Rettilineo;Più di due carreggiate;Asciutto;Asfaltata;Verticale ed orizzontale;Sereno;Normale;Buona;Ore Diurne;0;0;0;5;12.47198;41.83648;-1;1;Autovettura privata;In marcia / fermata / arresto;Conducente;F;Illeso;0;;Utilizzato;Inesploso
2019673;12;15/03/2014 15:25;Strada Urbana;VIA CRISTOFORO COLOMBO;da specificare;;;;DIR. CENTRO LATERALE ALT. P.LE NAZIONI UNITE;Tamponamento;Rettilineo;Più di due carreggiate;Asciutto;Asfaltata;Verticale ed orizzontale;Sereno;Normale;Buona;Ore Diurne;0;0;0;5;12.47198;41.83648;-1;1;Autovettura privata;In marcia / fermata / arresto;Passeggero;M;Illeso;0;;Utilizzato;Inesploso
2019673;12;15/03/2014 15:25;Strada Urbana;VIA CRISTOFORO COLOMBO;da specificare;;;;DIR. CENTRO LATERALE ALT. P.LE NAZIONI UNITE;Tamponamento;Rettilineo;Più di due carreggiate;Asciutto;Asfaltata;Verticale ed orizzontale;Sereno;Normale;Buona;Ore Diurne;0;0;0;5;12.47198;41.83648;-1;2;Autovettura privata;In marcia / fermata / arresto;Conducente;F;Illeso;0;;Utilizzato;Inesploso
2019673;12;15/03/2014 15:25;Strada Urbana;VIA CRISTOFORO COLOMBO;da specificare;;;;DIR. CENTRO LATERALE ALT. P.LE NAZIONI UNITE;Tamponamento;Rettilineo;Più di due carreggiate;Asciutto;Asfaltata;Verticale ed orizzontale;Sereno;Normale;Buona;Ore Diurne;0;0;0;5;12.47198;41.83648;-1;2;Autovettura privata;In marcia / fermata / arresto;Passeggero;F;Illeso;0;;Utilizzato;Inesploso
2019673;12;15/03/2014 15:25;Strada Urbana;VIA CRISTOFORO COLOMBO;da specificare;;;;DIR. CENTRO LATERALE ALT. P.LE NAZIONI UNITE;Tamponamento;Rettilineo;Più di due carreggiate;Asciutto;Asfaltata;Verticale ed orizzontale;Sereno;Normale;Buona;Ore Diurne;0;0;0;5;12.47198;41.83648;-1;2;Autovettura privata;In marcia / fermata / arresto;Passeggero;F;Illeso;0;;Utilizzato;Inesploso
2019675;7;15/03/2014 18:30;Strada Urbana;VIA DEL MAGGIOLINO;in prossimità;;del palo luce n.;16;;Veicolo in marcia contro ostacolo accidentale;Rettilineo;Una carreggiata a doppio senso;Asciutto;Con buche;Orizzontale;Sereno;Scarso;Buona;Ore Diurne;0;0;0;1;12.60712;41.89996;-1;1;Autovettura privata;In marcia / fermata / arresto;Conducente;M;Illeso;0;;Non accertato;Inesploso
2019688;20;16/03/2014 12:40;Strada Urbana;CORSO DI FRANCIA;da specificare;;;;altezza rampa via Flaminia dir. Parioli;Scontro laterale fra veicoli in marcia;Rettilineo;Due carreggiate;Asciutto;Asfaltata;Verticale ed orizzontale;Sereno;Normale;Buona;Ore Diurne;1;0;0;1;12.47097;41.94071;-1;1;Motociclo a solo;In marcia / fermata / arresto;Conducente;M;Rifiuta cure immediate;0;NON DECEDUTO;Non accertato;
2019688;20;16/03/2014 12:40;Strada Urbana;CORSO DI FRANCIA;da specificare;;;;altezza rampa via Flaminia dir. Parioli;Scontro laterale fra veicoli in marcia;Rettilineo;Due carreggiate;Asciutto;Asfaltata;Verticale ed orizzontale;Sereno;Normale;Buona;Ore Diurne;1;0;0;1;12.47097;41.94071;-1;2;Autovettura privata;In marcia / fermata / arresto;Conducente;F;Illeso;0;;Non accertato;Inesploso
2019720;6;16/03/2014 17:30;Strada Urbana;VIA CASILINA;in corrispondenza;;del civico n.;569;;Veicolo in marcia contro veicoli in arresto;Rettilineo;Due carreggiate;Asciutto;Asfaltata;Verticale;Sereno;Normale;Buona;Ore Diurne;0;0;0;3;12.54528;41.87898;-1;1;Autovettura privata;In marcia / fermata / arresto;Conducente;F;Illeso;0;;Esente;Inesploso
2019720;6;16/03/2014 17:30;Strada Urbana;VIA CASILINA;in corrispondenza;;del civico n.;569;;Veicolo in marcia contro veicoli in arresto;Rettilineo;Due carreggiate;Asciutto;Asfaltata;Verticale;Sereno;Normale;Buona;Ore Diurne;0;0;0;3;12.54528;41.87898;-1;2;Autovettura privata;In marcia / fermata / arresto;Conducente;F;Illeso;0;;Non accertato;Inesploso
2019720;6;16/03/2014 17:30;Strada Urbana;VIA CASILINA;in corrispondenza;;del civico n.;569;;Veicolo in marcia contro veicoli in arresto;Rettilineo;Due carreggiate;Asciutto;Asfaltata;Verticale;Sereno;Normale;Buona;Ore Diurne;0;0;0;3;12.54528;41.87898;-1;2;Autovettura privata;In marcia / fermata / arresto;Passeggero;M;Illeso;0;;Non accertato;
2019799;9;14/03/2014 08:00;Strada Urbana;VIA DELL'ARCO DI TRAVERTINO;in prossimità;;del civico n.;6;;Scontro laterale fra veicoli in marcia;Rettilineo;Due carreggiate;Asciutto;Asfaltata;Verticale ed orizzontale;Sereno;Normale;Buona;Ore Diurne;0;0;0;2;12.53753;41.86894;-1;1;Autocarro inferiore 35 q.;In marcia / fermata / arresto;Conducente;M;Illeso;0;;Non accertato;Inesploso
2019799;9;14/03/2014 08:00;Strada Urbana;VIA DELL'ARCO DI TRAVERTINO;in prossimità;;del civico n.;6;;Scontro laterale fra veicoli in marcia;Rettilineo;Due carreggiate;Asciutto;Asfaltata;Verticale ed orizzontale;Sereno;Normale;Buona;Ore Diurne;0;0;0;2;12.53753;41.86894;-1;2;Autovettura privata;In marcia / fermata / arresto;Conducente;F;Illeso;0;;Non accertato;Inesploso
2019800;9;14/03/2014 11:10;Strada Urbana;PIAZZA DELL'ALBERONE;da specificare;;;;fronte via Veturia;Scontro laterale fra veicoli in marcia;Rettilineo;Due carreggiate;Sdrucciolevole (fango);Asfaltata;Verticale ed orizzontale;Sereno;Normale;Buona;Ore Diurne;1;0;0;1;12.52153;41.87609;-1;1;Autocarro inferiore 35 q.;In marcia / fermata / arresto;Conducente;M;Illeso;0;;Non accertato;Inesploso
2019800;9;14/03/2014 11:10;Strada Urbana;PIAZZA DELL'ALBERONE;da specificare;;;;fronte via Veturia;Scontro laterale fra veicoli in marcia;Rettilineo;Due carreggiate;Sdrucciolevole (fango);Asfaltata;Verticale ed orizzontale;Sereno;Normale;Buona;Ore Diurne;1;0;0;1;12.52153;41.87609;-1;2;Motociclo a solo;In marcia / fermata / arresto;Conducente;F;Rimandato;0;NON DECEDUTO;Non accertato;
2019804;9;14/03/2014 12:05;Strada Urbana;LARGO VOLUMNIA;all'intersezione semaforizzata con;VIA TUSCOLANA;VIA TUSCOLANA;;;Scontro laterale fra veicoli in marcia;Intersezione semaforizzata;Due carreggiate;Asciutto;Asfaltata;Verticale ed orizzontale;Sereno;Normale;Buona;Ore Diurne;1;0;0;1;12.53365;41.87181;-1;1;Autovettura privata;In marcia / fermata / arresto;Conducente;F;Illeso;0;;Non accertato;Inesploso
2019804;9;14/03/2014 12:05;Strada Urbana;LARGO VOLUMNIA;all'intersezione semaforizzata con;VIA TUSCOLANA;VIA TUSCOLANA;;;Scontro laterale fra veicoli in marcia;Intersezione semaforizzata;Due carreggiate;Asciutto;Asfaltata;Verticale ed orizzontale;Sereno;Normale;Buona;Ore Diurne;1;0;0;1;12.53365;41.87181;-1;2;Motociclo a solo;In marcia / fermata / arresto;Conducente;F;Rimandato;0;NON DECEDUTO;;
2019841;15;15/03/2014 23:10;Strada Urbana;VIA PORTUENSE;in corrispondenza;;del civico n.;760;;Scontro laterale fra veicoli in marcia;Rettilineo;Una carreggiata a doppio senso;Asciutto;Asfaltata;Verticale ed orizzontale;Sereno;Normale;Buona;Sufficiente;3;0;0;1;12.42423;41.85101;-1;1;Quadriciclo leggero;In marcia / fermata / arresto;Conducente;F;Rimandato;0;NON DECEDUTO;Utilizzato;Inesploso
2019841;15;15/03/2014 23:10;Strada Urbana;VIA PORTUENSE;in corrispondenza;;del civico n.;760;;Scontro laterale fra veicoli in marcia;Rettilineo;Una carreggiata a doppio senso;Asciutto;Asfaltata;Verticale ed orizzontale;Sereno;Normale;Buona;Sufficiente;3;0;0;1;12.42423;41.85101;-1;1;Quadriciclo leggero;In marcia / fermata / arresto;Passeggero;M;Illeso;0;;Utilizzato;
2019841;15;15/03/2014 23:10;Strada Urbana;VIA PORTUENSE;in corrispondenza;;del civico n.;760;;Scontro laterale fra veicoli in marcia;Rettilineo;Una carreggiata a doppio senso;Asciutto;Asfaltata;Verticale ed orizzontale;Sereno;Normale;Buona;Sufficiente;3;0;0;1;12.42423;41.85101;-1;2;Motociclo con passeggero;In marcia / fermata / arresto;Conducente;M;Rimandato;0;NON DECEDUTO;Utilizzato;
2019841;15;15/03/2014 23:10;Strada Urbana;VIA PORTUENSE;in corrispondenza;;del civico n.;760;;Scontro laterale fra veicoli in marcia;Rettilineo;Una carreggiata a doppio senso;Asciutto;Asfaltata;Verticale ed orizzontale;Sereno;Normale;Buona;Sufficiente;3;0;0;1;12.42423;41.85101;-1;2;Motociclo con passeggero;In marcia / fermata / arresto;Passeggero;F;Rimandato;0;NON DECEDUTO;Utilizzato;
2019843;5;14/03/2014 08:20;Strada Urbana;VIA DELLE CASE ROSSE;da specificare;;;;prossimità via del Tecnopolo;Scontro laterale fra veicoli in marcia;Rettilineo;Una carreggiata a doppio senso;Asciutto;Asfaltata;Verticale ed orizzontale;Sereno;Scarso;Buona;Ore Diurne;2;0;0;0;12.63631;41.92726;-1;1;Autovettura privata;In marcia / fermata / arresto;Conducente;F;Rimandato;0;NON DECEDUTO;Non accertato;Inesploso
2019843;5;14/03/2014 08:20;Strada Urbana;VIA DELLE CASE ROSSE;da specificare;;;;prossimità via del Tecnopolo;Scontro laterale fra veicoli in marcia;Rettilineo;Una carreggiata a doppio senso;Asciutto;Asfaltata;Verticale ed orizzontale;Sereno;Scarso;Buona;Ore Diurne;2;0;0;0;12.63631;41.92726;-1;1;Autovettura privata;In marcia / fermata / arresto;Passeggero;M;Rimandato;0;NON DECEDUTO;Non accertato;Inesploso
2019844;8;17/03/2014 00:05;Strada Urbana;VIA ACQUARONI;all'intersezione con;VIA DEL FUOCO SACRO;VIA DEL FUOCO SACRO;;;Scontro laterale fra veicoli in marcia;Incrocio;Una carreggiata a senso unico alternato;Asciutto;Asfaltata;Verticale ed orizzontale;Sereno;Scarso;Buona;Sufficiente;0;0;0;2;12.64399;41.86606;-1;1;Autovettura privata;In marcia / fermata / arresto;Conducente;M;Illeso;0;;Non utilizzato;Inesploso
2019844;8;17/03/2014 00:05;Strada Urbana;VIA ACQUARONI;all'intersezione con;VIA DEL FUOCO SACRO;VIA DEL FUOCO SACRO;;;Scontro laterale fra veicoli in marcia;Incrocio;Una carreggiata a senso unico alternato;Asciutto;Asfaltata;Verticale ed orizzontale;Sereno;Scarso;Buona;Sufficiente;0;0;0;2;12.64399;41.86606;-1;2;Autovettura privata;In marcia / fermata / arresto;Conducente;F;Illeso;0;;Non accertato;Inesploso
2019845;11;16/03/2014 13:45;Strada Urbana;VIALE GIUSTINIANO IMPERATORE;all'intersezione con;VIA DELLA VILLA DI LUCINA;VIA DELLA VILLA DI LUCINA;;;Scontro frontale/laterale DX fra veicoli in marcia;Intersezione semaforizzata;Due carreggiate;Asciutto;Asfaltata;Verticale ed orizzontale;Sereno;Normale;Buona;Ore Diurne;3;0;0;2;12.48441;41.85596;-1;1;Autovettura privata;In marcia / fermata / arresto;Conducente;M;Rifiuta cure immediate;0;NON DECEDUTO;Non accertato;Inesploso
2019845;11;16/03/2014 13:45;Strada Urbana;VIALE GIUSTINIANO IMPERATORE;all'intersezione con;VIA DELLA VILLA DI LUCINA;VIA DELLA VILLA DI LUCINA;;;Scontro frontale/laterale DX fra veicoli in marcia;Intersezione semaforizzata;Due carreggiate;Asciutto;Asfaltata;Verticale ed orizzontale;Sereno;Normale;Buona;Ore Diurne;3;0;0;2;12.48441;41.85596;-1;1;Autovettura privata;In marcia / fermata / arresto;Passeggero;M;Illeso;0;;Non accertato;Inesploso
2019845;11;16/03/2014 13:45;Strada Urbana;VIALE GIUSTINIANO IMPERATORE;all'intersezione con;VIA DELLA VILLA DI LUCINA;VIA DELLA VILLA DI LUCINA;;;Scontro frontale/laterale DX fra veicoli in marcia;Intersezione semaforizzata;Due carreggiate;Asciutto;Asfaltata;Verticale ed orizzontale;Sereno;Normale;Buona;Ore Diurne;3;0;0;2;12.48441;41.85596;-1;1;Autovettura privata;In marcia / fermata / arresto;Passeggero;M;Illeso;0;;Non accertato;Inesploso
2019845;11;16/03/2014 13:45;Strada Urbana;VIALE GIUSTINIANO IMPERATORE;all'intersezione con;VIA DELLA VILLA DI LUCINA;VIA DELLA VILLA DI LUCINA;;;Scontro frontale/laterale DX fra veicoli in marcia;Intersezione semaforizzata;Due carreggiate;Asciutto;Asfaltata;Verticale ed orizzontale;Sereno;Normale;Buona;Ore Diurne;3;0;0;2;12.48441;41.85596;-1;2;Motociclo a solo;In marcia / fermata / arresto;Conducente;M;Rifiuta cure immediate;0;NON DECEDUTO;;
2019845;11;16/03/2014 13:45;Strada Urbana;VIALE GIUSTINIANO IMPERATORE;all'intersezione con;VIA DELLA VILLA DI LUCINA;VIA DELLA VILLA DI LUCINA;;;Scontro frontale/laterale DX fra veicoli in marcia;Intersezione semaforizzata;Due carreggiate;Asciutto;Asfaltata;Verticale ed orizzontale;Sereno;Normale;Buona;Ore Diurne;3;0;0;2;12.48441;41.85596;-1;2;Motociclo a solo;In marcia / fermata / arresto;Passeggero;F;Rimandato;0;NON DECEDUTO;Non accertato;
2019846;15;16/03/2014 22:00;Strada Urbana;VIA DELLA MAGLIANA;all'intersezione con;VIA DELLE VIGNE;VIA DELLE VIGNE;;;Tamponamento;Incrocio;Una carreggiata a doppio senso;Asciutto;Asfaltata;Orizzontale;Sereno;Scarso;Buona;Sufficiente;0;0;0;5;12.41962;41.83176;-1;1;Autovettura privata;In marcia / fermata / arresto;Conducente;M;Illeso;0;;Utilizzato;
2019846;15;16/03/2014 22:00;Strada Urbana;VIA DELLA MAGLIANA;all'intersezione con;VIA DELLE VIGNE;VIA DELLE VIGNE;;;Tamponamento;Incrocio;Una carreggiata a doppio senso;Asciutto;Asfaltata;Orizzontale;Sereno;Scarso;Buona;Sufficiente;0;0;0;5;12.41962;41.83176;-1;1;Autovettura privata;In marcia / fermata / arresto;Passeggero;F;Illeso;0;;Utilizzato;
2019846;15;16/03/2014 22:00;Strada Urbana;VIA DELLA MAGLIANA;all'intersezione con;VIA DELLE VIGNE;VIA DELLE VIGNE;;;Tamponamento;Incrocio;Una carreggiata a doppio senso;Asciutto;Asfaltata;Orizzontale;Sereno;Scarso;Buona;Sufficiente;0;0;0;5;12.41962;41.83176;-1;2;Autovettura privata;In marcia / fermata / arresto;Conducente;M;Illeso;0;;Utilizzato;
2019846;15;16/03/2014 22:00;Strada Urbana;VIA DELLA MAGLIANA;all'intersezione con;VIA DELLE VIGNE;VIA DELLE VIGNE;;;Tamponamento;Incrocio;Una carreggiata a doppio senso;Asciutto;Asfaltata;Orizzontale;Sereno;Scarso;Buona;Sufficiente;0;0;0;5;12.41962;41.83176;-1;2;Autovettura privata;In marcia / fermata / arresto;Passeggero;M;Illeso;0;;Utilizzato;