Protocollo;Gruppo;DataOraIncidente;Localizzazione1;STRADA1;Localizzazione2;STRADA2;Strada02;Chilometrica;DaSpecificare;NaturaIncidente;particolaritastrade;TipoStrada;FondoStradale;Pavimentazione;Segnaletica;CondizioneAtmosferica;Traffico;Visibilita;Illuminazione;NUM_FERITI;NUM_RISERVATA;NUM_MORTI;NUM_ILLESI;Longitudine;Latitudine;Confermato;Progressivo;TipoVeicolo;StatoVeicolo;TipoPersona;Sesso;Tipolesione;Deceduto;DecedutoDopo;CinturaCascoUtilizzato;Airbag
2020047;4;14/03/2014 17:05;Provinciale entro l'abitato;VIA SALARIA;da specificare;;;;in prossimità di Via dei Prati Fiscali;Tamponamento;Cavalcavia;Una carreggiata a senso unico di marcia;Asciutto;Asfaltata;Verticale ed orizzontale;Sereno;Intenso;Sufficiente;Ore Diurne;0;0;0;5;12.5079;41.94121;-1;2;Altro;In marcia / fermata / arresto;Conducente;M;Illeso;0;;Non accertato;Inesploso
2020047;4;14/03/2014 17:05;Provinciale entro l'abitato;VIA SALARIA;da specificare;;;;in prossimità di Via dei Prati Fiscali;Tamponamento;Cavalcavia;Una carreggiata a senso unico di marcia;Asciutto;Asfaltata;Verticale ed orizzontale;Sereno;Intenso;Sufficiente;Ore Diurne;0;0;0;5;12.5079;41.94121;-1;2;Altro;In marcia / fermata / arresto;Passeggero;M;Illeso;0;;Non accertato;Inesploso
2020047;4;14/03/2014 17:05;Provinciale entro l'abitato;VIA SALARIA;da specificare;;;;in prossimità di Via dei Prati Fiscali;Tamponamento;Cavalcavia;Una carreggiata a senso unico di marcia;Asciutto;Asfaltata;Verticale ed orizzontale;Sereno;Intenso;Sufficiente;Ore Diurne;0;0;0;5;12.5079;41.94121;-1;2;Altro;In marcia / fermata / arresto;Passeggero;M;Illeso;0;;Non accertato;Inesploso
2020048;17;15/03/2014 20:30;Strada Urbana;PIAZZA DEL RISORGIMENTO;da specificare;;;;ALTEZZA VIA COLA DI RIENZO;Scontro laterale fra veicoli in marcia;Curva a visuale libera;Una carreggiata a senso unico di marcia;Asciutto;Asfaltata;Verticale ed orizzontale;Sereno;Intenso;Buona;Sufficiente;0;0;0;2;12.45871;41.90646;-1;1;Autobus di linea;In marcia / fermata / arresto;Conducente;M;Illeso;0;;Esente;
2020048;17;15/03/2014 20:30;Strada Urbana;PIAZZA DEL RISORGIMENTO;da specificare;;;;ALTEZZA VIA COLA DI RIENZO;Scontro laterale fra veicoli in marcia;Curva a visuale libera;Una carreggiata a senso unico di marcia;Asciutto;Asfaltata;Verticale ed orizzontale;Sereno;Intenso;Buona;Sufficiente;0;0;0;2;12.45871;41.90646;-1;2;Autovettura privata;In marcia / fermata / arresto;Conducente;F;Illeso;0;;Non accertato;
2020051;13;15/03/2014 21:15;Strada Urbana;VIA GIUSEPPE NICOLINI;all'intersezione con;VIA SAN CANDIDO;VIA SAN CANDIDO;;;Scontro frontale/laterale SX fra veicoli in marcia;Intersezione stradale segnalata;Una carreggiata a doppio senso;Asciutto;Asfaltata;Verticale;Sereno;Scarso;Buona;Sufficiente;1;0;0;1;12.35955;41.72586;-1;1;Autocarro inferiore 35 q.;In marcia / fermata / arresto;Conducente;M;Illeso;0;;Non accertato;Inesploso
2020051;13;15/03/2014 21:15;Strada Urbana;VIA GIUSEPPE NICOLINI;all'intersezione con;VIA SAN CANDIDO;VIA SAN CANDIDO;;;Scontro frontale/laterale SX fra veicoli in marcia;Intersezione stradale segnalata;Una carreggiata a doppio senso;Asciutto;Asfaltata;Verticale;Sereno;Scarso;Buona;Sufficiente;1;0;0;1;12.35955;41.72586;-1;2;Motociclo a solo;In marcia / fermata / arresto;Conducente;M;Rimandato;0;NON DECEDUTO;Non accertato;
2020053;19;15/03/2014 10:55;Strada Urbana;VIA NORMA FRATELLI PARENTI;da specificare;;;;FRONTE CIVICO 56;Veicolo in marcia contro ostacolo accidentale;Rettilineo;Una carreggiata a doppio senso;Asciutto;Asfaltata;Assente;Sereno;Scarso;Buona;Ore Diurne;0;0;0;2;12.37652;41.94222;-1;1;Autovettura privata;In marcia / fermata / arresto;Conducente;F;Illeso;0;;Non accertato;
2020053;19;15/03/2014 10:55;Strada Urbana;VIA NORMA FRATELLI PARENTI;da specificare;;;;FRONTE CIVICO 56;Veicolo in marcia contro ostacolo accidentale;Rettilineo;Una carreggiata a doppio senso;Asciutto;Asfaltata;Assente;Sereno;Scarso;Buona;Ore Diurne;0;0;0;2;12.37652;41.94222;-1;1;Autovettura privata;In marcia / fermata / arresto;Passeggero;F;Illeso;0;;Non accertato;
2020057;1;15/03/2014 16:20;Strada Urbana;VIA DI PORTA LATINA;in prossimità;;del civico n.;f 6;;Infortunio per caduta del veicolo;Rettilineo;Una carreggiata a senso unico di marcia;Asciutto;Asfaltata;Verticale ed orizzontale;Sereno;Scarso;Buona;Ore Diurne;1;0;0;0;12.49907;41.87817;-1;1;Velocipede;In marcia / fermata / arresto;Conducente;M;Rimandato;0;NON DECEDUTO;Esente;
2020064;19;15/03/2014 11:20;Strada Urbana;VIA DELLA PINETA SACCHETTI;all'intersezione con;VIA DI VILLA MAGGIORANI;VIA DI VILLA MAGGIORANI;;;Scontro laterale fra veicoli in marcia;Incrocio;Due carreggiate;Asciutto;Asfaltata;Verticale ed orizzontale;Sereno;Normale;Buona;Ore Diurne;0;0;0;3;12.42665;41.93167;-1;1;Autovettura privata;In marcia / fermata / arresto;Conducente;F;Illeso;0;;Non accertato;
2020064;19;15/03/2014 11:20;Strada Urbana;VIA DELLA PINETA SACCHETTI;all'intersezione con;VIA DI VILLA MAGGIORANI;VIA DI VILLA MAGGIORANI;;;Scontro laterale fra veicoli in marcia;Incrocio;Due carreggiate;Asciutto;Asfaltata;Verticale ed orizzontale;Sereno;Normale;Buona;Ore Diurne;0;0;0;3;12.42665;41.93167;-1;2;Autovettura privata;In marcia / fermata / arresto;Conducente;M;Illeso;0;;Non accertato;
2020064;19;15/03/2014 11:20;Strada Urbana;VIA DELLA PINETA SACCHETTI;all'intersezione con;VIA DI VILLA MAGGIORANI;VIA DI VILLA MAGGIORANI;;;Scontro laterale fra veicoli in marcia;Incrocio;Due carreggiate;Asciutto;Asfaltata;Verticale ed orizzontale;Sereno;Normale;Buona;Ore Diurne;0;0;0;3;12.42665;41.93167;-1;2;Autovettura privata;In marcia / fermata / arresto;Passeggero;M;Illeso;0;;Non accertato;
2020080;19;14/03/2014 14:50;Strada Urbana;VIA PIETRO MAFFI;in corrispondenza;;del civico n.;181;;Scontro frontale/laterale DX fra veicoli in marcia;Rettilineo;Una carreggiata a doppio senso;Asciutto;Asfaltata;Orizzontale;Sereno;Normale;Buona;Ore Diurne;1;0;0;1;12.42078;41.9271;-1;1;Motociclo a solo;In marcia / fermata / arresto;Conducente;M;Rimandato;0;NON DECEDUTO;Non accertato;
2020080;19;14/03/2014 14:50;Strada Urbana;VIA PIETRO MAFFI;in corrispondenza;;del civico n.;181;;Scontro frontale/laterale DX fra veicoli in marcia;Rettilineo;Una carreggiata a doppio senso;Asciutto;Asfaltata;Orizzontale;Sereno;Normale;Buona;Ore Diurne;1;0;0;1;12.42078;41.9271;-1;2;Autovettura privata;In marcia / fermata / arresto;Conducente;M;Illeso;0;;Non accertato;
2020082;19;15/03/2014 17:05;Strada Urbana;LARGO MILLESIMO;da specificare;;;;in prossimità di Via di Torrevecchia;Veicolo in marcia contro veicolo in sosta;Rettilineo;Una carreggiata a senso unico di marcia;Asciutto;Asfaltata;Assente;Sereno;Scarso;Buona;Ore Diurne;0;0;0;1;12.42047;41.93184;-1;1;Autovettura privata;In marcia / fermata / arresto;Conducente;M;Illeso;0;;Non accertato;
2020087;1;15/03/2014 09:20;Strada Urbana;VIA MERULANA;all'intersezione con;VIA ALEARDO ALEARDI;VIA ALEARDO ALEARDI;;;Scontro frontale/laterale DX fra veicoli in marcia;Incrocio;Una carreggiata a doppio senso;Asciutto;Asfaltata;Verticale ed orizzontale;Sereno;Normale;Buona;Ore Diurne;1;0;0;1;12.50421;41.88807;-1;1;Motociclo a solo;In marcia / fermata / arresto;Conducente;M;Rimandato;0;NON DECEDUTO;Non accertato;
2020087;1;15/03/2014 09:20;Strada Urbana;VIA MERULANA;all'intersezione con;VIA ALEARDO ALEARDI;VIA ALEARDO ALEARDI;;;Scontro frontale/laterale DX fra veicoli in marcia;Incrocio;Una carreggiata a doppio senso;Asciutto;Asfaltata;Verticale ed orizzontale;Sereno;Normale;Buona;Ore Diurne;1;0;0;1;12.50421;41.88807;-1;2;Autovettura privata;In marcia / fermata / arresto;Conducente;M;Illeso;0;;Non accertato;
2020091;12;15/03/2014 23:40;Strada Urbana;VIA DI MEZZOCAMMINO;da specificare;;;;prossimità Largo Sergi;Tamponamento;Rettilineo;Una carreggiata a doppio senso;Asciutto;Asfaltata;Verticale ed orizzontale;Sereno;Scarso;Buona;Sufficiente;0;0;0;4;12.43536;41.78812;-1;1;Autovettura privata;In marcia / fermata / arresto;Conducente;F;Illeso;0;;Non accertato;Inesistente
2020091;12;15/03/2014 23:40;Strada Urbana;VIA DI MEZZOCAMMINO;da specificare;;;;prossimità Largo Sergi;Tamponamento;Rettilineo;Una carreggiata a doppio senso;Asciutto;Asfaltata;Verticale ed orizzontale;Sereno;Scarso;Buona;Sufficiente;0;0;0;4;12.43536;41.78812;-1;1;Autovettura privata;In marcia / fermata / arresto;Passeggero;M;Illeso;0;;Non accertato;Inesistente
2020091;12;15/03/2014 23:40;Strada Urbana;VIA DI MEZZOCAMMINO;da specificare;;;;prossimità Largo Sergi;Tamponamento;Rettilineo;Una carreggiata a doppio senso;Asciutto;Asfaltata;Verticale ed orizzontale;Sereno;Scarso;Buona;Sufficiente;0;0;0;4;12.43536;41.78812;-1;1;Autovettura privata;In marcia / fermata / arresto;Passeggero;M;Illeso;0;;Utilizzato;Inesistente
2020091;12;15/03/2014 23:40;Strada Urbana;VIA DI MEZZOCAMMINO;da specificare;;;;prossimità Largo Sergi;Tamponamento;Rettilineo;Una carreggiata a doppio senso;Asciutto;Asfaltata;Verticale ed orizzontale;Sereno;Scarso;Buona;Sufficiente;0;0;0;4;12.43536;41.78812;-1;2;Autovettura privata;In marcia / fermata / arresto;Conducente;M;Illeso;0;;Non accertato;Inesistente
2020113;12;14/03/2014 16:20;Strada Urbana;VIA ARMANDO BRASINI;all'intersezione con;VIA CRISTOFORO COLOMBO;VIA CRISTOFORO COLOMBO;;;Scontro frontale/laterale SX fra veicoli in marcia;Intersezione stradale segnalata;Una carreggiata a doppio senso;Asciutto;Asfaltata;Verticale ed orizzontale;Sereno;Normale;Buona;Ore Diurne;0;0;0;3;12.43643;41.79308;-1;1;Autocarro inferiore 35 q.;In marcia / fermata / arresto;Conducente;M;Illeso;0;;;
2020113;12;14/03/2014 16:20;Strada Urbana;VIA ARMANDO BRASINI;all'intersezione con;VIA CRISTOFORO COLOMBO;VIA CRISTOFORO COLOMBO;;;Scontro frontale/laterale SX fra veicoli in marcia;Intersezione stradale segnalata;Una carreggiata a doppio senso;Asciutto;Asfaltata;Verticale ed orizzontale;Sereno;Normale;Buona;Ore Diurne;0;0;0;3;12.43643;41.79308;-1;2;Autovettura privata;In marcia / fermata / arresto;Conducente;M;Illeso;0;;;
2020113;12;14/03/2014 16:20;Strada Urbana;VIA ARMANDO BRASINI;all'intersezione con;VIA CRISTOFORO COLOMBO;VIA CRISTOFORO COLOMBO;;;Scontro frontale/laterale SX fra veicoli in marcia;Intersezione stradale segnalata;Una carreggiata a doppio senso;Asciutto;Asfaltata;Verticale ed orizzontale;Sereno;Normale;Buona;Ore Diurne;0;0;0;3;12.43643;41.79308;-1;2;Autovettura privata;In marcia / fermata / arresto;Passeggero;F;Illeso;0;;Utilizzato;Inesploso
2020116;16;12/03/2014 13:00;Strada Urbana;VIALE DEI COLLI PORTUENSI;all'intersezione con;LARGO CLAUDIO FERMI;LARGO CLAUDIO FERMI;;;Scontro laterale fra veicoli in marcia;Incrocio;Due carreggiate;Asciutto;Asfaltata;Verticale ed orizzontale;Sereno;Normale;Buona;Ore Diurne;0;0;0;2;12.44401;41.86665;-1;1;Motociclo a solo;In marcia / fermata / arresto;Conducente;M;Illeso;0;;Non accertato;
2020116;16;12/03/2014 13:00;Strada Urbana;VIALE DEI COLLI PORTUENSI;all'intersezione con;LARGO CLAUDIO FERMI;LARGO CLAUDIO FERMI;;;Scontro laterale fra veicoli in marcia;Incrocio;Due carreggiate;Asciutto;Asfaltata;Verticale ed orizzontale;Sereno;Normale;Buona;Ore Diurne;0;0;0;2;12.44401;41.86665;-1;2;Autovettura privata;In marcia / fermata / arresto;Conducente;F;Illeso;0;;Non accertato;
2020118;12;15/03/2014 23:10;Strada Urbana;VIA CRISTOFORO COLOMBO;all'intersezione semaforizzata con;VIALE DELL'UMANESIMO;VIALE DELL'UMANESIMO;;;Scontro laterale fra veicoli in marcia;Intersezione semaforizzata;Una carreggiata a senso unico di marcia;Asciutto;Asfaltata;Verticale ed orizzontale;Sereno;Normale;Buona;Sufficiente;0;0;0;3;12.46441;41.82464;-1;1;Autovettura privata;In marcia / fermata / arresto;Conducente;M;Illeso;0;;Non accertato;Inesistente
2020118;12;15/03/2014 23:10;Strada Urbana;VIA CRISTOFORO COLOMBO;all'intersezione semaforizzata con;VIALE DELL'UMANESIMO;VIALE DELL'UMANESIMO;;;Scontro laterale fra veicoli in marcia;Intersezione semaforizzata;Una carreggiata a senso unico di marcia;Asciutto;Asfaltata;Verticale ed orizzontale;Sereno;Normale;Buona;Sufficiente;0;0;0;3;12.46441;41.82464;-1;2;Autovettura privata;In marcia / fermata / arresto;Conducente;F;Illeso;0;;Non accertato;Inesistente
2020118;12;15/03/2014 23:10;Strada Urbana;VIA CRISTOFORO COLOMBO;all'intersezione semaforizzata con;VIALE DELL'UMANESIMO;VIALE DELL'UMANESIMO;;;Scontro laterale fra veicoli in marcia;Intersezione semaforizzata;Una carreggiata a senso unico di marcia;Asciutto;Asfaltata;Verticale ed orizzontale;Sereno;Normale;Buona;Sufficiente;0;0;0;3;12.46441;41.82464;-1;2;Autovettura privata;In marcia / fermata / arresto;Passeggero;F;Illeso;0;;Non accertato;Inesistente
2020127;19;16/03/2014 10:50;Strada Urbana;VIA TRIONFALE;all'intersezione con;VIA FLORIDIANA;VIA FLORIDIANA;;;Scontro laterale fra veicoli in marcia;Incrocio;Una carreggiata a senso unico di marcia;Asciutto;Asfaltata;Orizzontale;Sereno;Normale;Buona;Ore Diurne;0;0;0;2;12.42417;41.93965;-1;1;Autovettura privata;In marcia / fermata / arresto;Conducente;M;Illeso;0;;Non accertato;
2020127;19;16/03/2014 10:50;Strada Urbana;VIA TRIONFALE;all'intersezione con;VIA FLORIDIANA;VIA FLORIDIANA;;;Scontro laterale fra veicoli in marcia;Incrocio;Una carreggiata a senso unico di marcia;Asciutto;Asfaltata;Orizzontale;Sereno;Normale;Buona;Ore Diurne;0;0;0;2;12.42417;41.93965;-1;2;Autovettura privata;In marcia / fermata / arresto;Conducente;F;Illeso;0;;Non accertato;
2020131;17;15/03/2014 10:50;Strada Urbana;VIA VESPASIANO;in corrispondenza;;del civico n.;6;;Veicolo in marcia contro veicolo in sosta;Rettilineo;Una carreggiata a senso unico di marcia;Asciutto;In cubetti di porfido;Verticale ed orizzontale;Sereno;Normale;Buona;Ore Diurne;0;0;0;1;12.4567;41.90658;-1;1;Autovettura privata;In marcia / fermata / arresto;Conducente;F;Illeso;0;;Non accertato;
2020133;1;15/03/2014 19:30;Strada Urbana;VIA DEL TRITONE;da specificare;;;;altezza piazza san claudio;Veicolo in marcia contro ostacolo accidentale;Rettilineo;Una carreggiata a doppio senso;Asciutto;Con buche;Verticale ed orizzontale;Sereno;Normale;Sufficiente;Sufficiente;0;0;0;1;12.48203;41.90199;-1;1;Motociclo a solo;In marcia / fermata / arresto;Conducente;M;Illeso;0;;Non accertato;
2020136;3;14/03/2014 08:05;Strada Urbana;VIALE IPPOCRATE;in corrispondenza;;del civico n.;2;;Veicolo in marcia contro ostacolo accidentale;Rettilineo;Due carreggiate;Sdrucciolevole (pietrisco);Asfaltata;Verticale ed orizzontale;Sereno;Normale;Buona;Ore Diurne;1;0;0;0;12.52083;41.90937;-1;1;Motociclo a solo;In marcia / fermata / arresto;Conducente;M;Rimandato;0;NON DECEDUTO;Non accertato;
2020140;3;15/03/2014 02:00;Strada Urbana;VIA TIBURTINA;all'intersezione con;VIA DEI LATINI;VIA DEI LATINI;;;Scontro frontale/laterale DX fra veicoli in marcia;Intersezione stradale segnalata;Una carreggiata a doppio senso;Asciutto;Asfaltata;Verticale ed orizzontale;Sereno;Scarso;Buona;Sufficiente;1;0;0;0;12.51304;41.89764;-1;1;Motociclo a solo;In marcia / fermata / arresto;Conducente;M;Ricoverato;0;NON DECEDUTO;Non accertato;
2020147;1;13/03/2014 16:20;Strada Urbana;PIAZZA DI PORTA PORTESE;all'intersezione con;VIA DI PORTA PORTESE;VIA DI PORTA PORTESE;;;Scontro frontale/laterale DX fra veicoli in marcia;Incrocio;Una carreggiata a doppio senso;Asciutto;In cubetti di porfido;Verticale ed orizzontale;Sereno;Normale;Buona;Ore Diurne;0;0;0;2;12.47424;41.88379;-1;1;Autovettura privata;In marcia / fermata / arresto;Conducente;M;Illeso;0;;Non accertato;
2020147;1;13/03/2014 16:20;Strada Urbana;PIAZZA DI PORTA PORTESE;all'intersezione con;VIA DI PORTA PORTESE;VIA DI PORTA PORTESE;;;Scontro frontale/laterale DX fra veicoli in marcia;Incrocio;Una carreggiata a doppio senso;Asciutto;In cubetti di porfido;Verticale ed orizzontale;Sereno;Normale;Buona;Ore Diurne;0;0;0;2;12.47424;41.88379;-1;2;Autovettura privata;In marcia / fermata / arresto;Conducente;M;Illeso;0;;Non accertato;
2020150;16;12/03/2014 19:50;Strada Urbana;VIALE DEI QUATTRO VENTI;in prossimità;;del civico n.;208;;Tamponamento Multiplo;Rettilineo;Una carreggiata a doppio senso;Asciutto;Asfaltata;Verticale ed orizzontale;Sereno;Normale;Buona;Sufficiente;0;0;0;4;12.45778;41.87515;-1;1;Autocarro inferiore 35 q.;In marcia / fermata / arresto;Conducente;M;Illeso;0;;Non accertato;Inesploso
2020150;16;12/03/2014 19:50;Strada Urbana;VIALE DEI QUATTRO VENTI;in prossimità;;del civico n.;208;;Tamponamento Multiplo;Rettilineo;Una carreggiata a doppio senso;Asciutto;Asfaltata;Verticale ed orizzontale;Sereno;Normale;Buona;Sufficiente;0;0;0;4;12.45778;41.87515;-1;1;Autocarro inferiore 35 q.;In marcia / fermata / arresto;Passeggero;M;Illeso;0;;Non accertato;Inesploso
2020150;16;12/03/2014 19:50;Strada Urbana;VIALE DEI QUATTRO VENTI;in prossimità;;del civico n.;208;;Tamponamento Multiplo;Rettilineo;Una carreggiata a doppio senso;Asciutto;Asfaltata;Verticale ed orizzontale;Sereno;Normale;Buona;Sufficiente;0;0;0;4;12.45778;41.87515;-1;2;Autovettura privata;In marcia / fermata / arresto;Conducente;M;Illeso;0;;Non accertato;Inesploso
2020150;16;12/03/2014 19:50;Strada Urbana;VIALE DEI QUATTRO VENTI;in prossimità;;del civico n.;208;;Tamponamento Multiplo;Rettilineo;Una carreggiata a doppio senso;Asciutto;Asfaltata;Verticale ed orizzontale;Sereno;Normale;Buona;Sufficiente;0;0;0;4;12.45778;41.87515;-1;3;Autovettura privata;In marcia / fermata / arresto;Conducente;M;Illeso;0;;Non accertato;Inesploso
2020153;3;16/03/2014 02:15;Strada Urbana;VIA ALESSANDRIA;all'intersezione con;CORSO TRIESTE;CORSO TRIESTE;;;Scontro frontale/laterale SX fra veicoli in marcia;Intersezione stradale segnalata;Una carreggiata a senso unico di marcia;Asciutto;Asfaltata;Verticale ed orizzontale;Sereno;Scarso;Sufficiente;Sufficiente;0;0;0;3;12.5075;41.91509;-1;1;Autovettura privata;In marcia / fermata / arresto;Conducente;M;Illeso;0;;Non accertato;Inesploso
2020153;3;16/03/2014 02:15;Strada Urbana;VIA ALESSANDRIA;all'intersezione con;CORSO TRIESTE;CORSO TRIESTE;;;Scontro frontale/laterale SX fra veicoli in marcia;Intersezione stradale segnalata;Una carreggiata a senso unico di marcia;Asciutto;Asfaltata;Verticale ed orizzontale;Sereno;Scarso;Sufficiente;Sufficiente;0;0;0;3;12.5075;41.91509;-1;1;Autovettura privata;In marcia / fermata / arresto;Passeggero;F;Illeso;0;;Non accertato;Inesploso
2020153;3;16/03/2014 02:15;Strada Urbana;VIA ALESSANDRIA;all'intersezione con;CORSO TRIESTE;CORSO TRIESTE;;;Scontro frontale/laterale SX fra veicoli in marcia;Intersezione stradale segnalata;Una carreggiata a senso unico di marcia;Asciutto;Asfaltata;Verticale ed orizzontale;Sereno;Scarso;Sufficiente;Sufficiente;0;0;0;3;12.5075;41.91509;-1;2;Autovettura privata;In marcia / fermata / arresto;Conducente;M;Illeso;0;;Non accertato;Inesploso
2020155;12;16/03/2014 18:30;Strada Urbana;VIALE DELL'OCEANO ATLANTICO;da specificare;;;;alt. Via Rhodesia (civ. 182);Veicolo in marcia contro veicolo fermo;Rettilineo;Due carreggiate;Asciutto;Asfaltata;Verticale ed orizzontale;Sereno;Normale;Buona;Sufficiente;4;0;0;0;12.47024;41.82014;-1;1;Autovettura privata;In marcia / fermata / arresto;Conducente;M;Rimandato;0;NON DECEDUTO;Non accertato;Esploso
2020155;12;16/03/2014 18:30;Strada Urbana;VIALE DELL'OCEANO ATLANTICO;da specificare;;;;alt. Via Rhodesia (civ. 182);Veicolo in marcia contro veicolo fermo;Rettilineo;Due carreggiate;Asciutto;Asfaltata;Verticale ed orizzontale;Sereno;Normale;Buona;Sufficiente;4;0;0;0;12.47024;41.82014;-1;1;Autovettura privata;In marcia / fermata / arresto;Passeggero;F;Rimandato;0;NON DECEDUTO;Utilizzato;Esploso
2020155;12;16/03/2014 18:30;Strada Urbana;VIALE DELL'OCEANO ATLANTICO;da specificare;;;;alt. Via Rhodesia (civ. 182);Veicolo in marcia contro veicolo fermo;Rettilineo;Due carreggiate;Asciutto;Asfaltata;Verticale ed orizzontale;Sereno;Normale;Buona;Sufficiente;4;0;0;0;12.47024;41.82014;-1;2;Autovettura privata;In marcia / fermata / arresto;Conducente;M;Ricoverato;0;NON DECEDUTO;Non utilizzato;Esploso
2020155;12;16/03/2014 18:30;Strada Urbana;VIALE DELL'OCEANO ATLANTICO;da specificare;;;;alt. Via Rhodesia (civ. 182);Veicolo in marcia contro veicolo fermo;Rettilineo;Due carreggiate;Asciutto;Asfaltata;Verticale ed orizzontale;Sereno;Normale;Buona;Sufficiente;4;0;0;0;12.47024;41.82014;-1;2;Autovettura privata;In marcia / fermata / arresto;Passeggero;F;Rimandato;0;NON DECEDUTO;Non utilizzato;Esploso
2020170;2;14/03/2014 07:30;Strada Urbana;VIA DI S. VALENTINO;in corrispondenza;;del civico n.;32;;Veicolo in marcia contro veicoli in sosta;Rettilineo;Una carreggiata a senso unico di marcia;Asciutto;Asfaltata;Verticale ed orizzontale;Sereno;Normale;Buona;Ore Diurne;0;0;0;1;12.47753;41.92486;-1;1;Autovettura privata;In marcia / fermata / arresto;Conducente;F;Illeso;0;;Non accertato;Inesistente
2020171;1;16/03/2014 23:00;Strada Urbana;PIAZZA DEL COLOSSEO;da specificare;;;;in prossimita' di via s. g. in laterano;Veicolo in marcia contro veicolo fermo;Rettilineo;Una carreggiata a doppio senso;Asciutto;Asfaltata;Verticale ed orizzontale;Sereno;Scarso;Buona;Sufficiente;0;0;0;1;12.49432;41.89027;-1;1;Autocarro inferiore 35 q.;In marcia / fermata / arresto;Conducente;M;Illeso;0;;Non accertato;
2020178;3;16/03/2014 19:50;Strada Urbana;VIALE DELL'UNIVERSITA';da specificare;;;;prossimità castro pretorio;Tamponamento;Rettilineo;Due carreggiate;Asciutto;Asfaltata;Verticale ed orizzontale;Sereno;Normale;Buona;Sufficiente;0;0;0;2;12.48018;41.87239;-1;1;Autovettura privata;In marcia / fermata / arresto;Conducente;M;Illeso;0;;Utilizzato;Inesploso
2020178;3;16/03/2014 19:50;Strada Urbana;VIALE DELL'UNIVERSITA';da specificare;;;;prossimità castro pretorio;Tamponamento;Rettilineo;Due carreggiate;Asciutto;Asfaltata;Verticale ed orizzontale;Sereno;Normale;Buona;Sufficiente;0;0;0;2;12.48018;41.87239;-1;2;Autovettura privata;In marcia / fermata / arresto;Conducente;M;Illeso;0;;Utilizzato;Inesploso
2020180;16;12/03/2014 11:30;Strada Urbana;VIA DI BRAVA;in corrispondenza;;del palo luce n.;9;;Tamponamento;Rettilineo;Una carreggiata a doppio senso;Asciutto;Asfaltata;Verticale;Sereno;Normale;Buona;Ore Diurne;0;0;0;2;12.3795;41.87653;-1;1;Autovettura privata;In marcia / fermata / arresto;Conducente;M;Illeso;0;;Non accertato;Inesploso
2020180;16;12/03/2014 11:30;Strada Urbana;VIA DI BRAVA;in corrispondenza;;del palo luce n.;9;;Tamponamento;Rettilineo;Una carreggiata a doppio senso;Asciutto;Asfaltata;Verticale;Sereno;Normale;Buona;Ore Diurne;0;0;0;2;12.3795;41.87653;-1;2;Autovettura privata;In marcia / fermata / arresto;Conducente;M;Illeso;0;;Non accertato;Inesploso
2020188;1;16/03/2014 13:45;Strada Urbana;VIALE MARCO POLO;in prossimità;;del palo luce n.;99;;Tamponamento Multiplo;Rettilineo;Una carreggiata a senso unico di marcia;Asciutto;Asfaltata;Verticale ed orizzontale;Sereno;Scarso;Buona;Ore Diurne;4;0;0;1;12.49594;41.87144;-1;1;Autovettura privata;In marcia / fermata / arresto;Conducente;M;Illeso;0;;Non accertato;
2020188;1;16/03/2014 13:45;Strada Urbana;VIALE MARCO POLO;in prossimità;;del palo luce n.;99;;Tamponamento Multiplo;Rettilineo;Una carreggiata a senso unico di marcia;Asciutto;Asfaltata;Verticale ed orizzontale;Sereno;Scarso;Buona;Ore Diurne;4;0;0;1;12.49594;41.87144;-1;2;Autovettura privata;In marcia / fermata / arresto;Conducente;F;Rifiuta cure immediate;0;NON DECEDUTO;Non accertato;
2020188;1;16/03/2014 13:45;Strada Urbana;VIALE MARCO POLO;in prossimità;;del palo luce n.;99;;Tamponamento Multiplo;Rettilineo;Una carreggiata a senso unico di marcia;Asciutto;Asfaltata;Verticale ed orizzontale;Sereno;Scarso;Buona;Ore Diurne;4;0;0;1;12.49594;41.87144;-1;3;Autovettura privata;In marcia / fermata / arresto;Conducente;F;Rifiuta cure immediate;0;NON DECEDUTO;Non accertato;
2020188;1;16/03/2014 13:45;Strada Urbana;VIALE MARCO POLO;in prossimità;;del palo luce n.;99;;Tamponamento Multiplo;Rettilineo;Una carreggiata a senso unico di marcia;Asciutto;Asfaltata;Verticale ed orizzontale;Sereno;Scarso;Buona;Ore Diurne;4;0;0;1;12.49594;41.87144;-1;4;Autovettura privata;In marcia / fermata / arresto;Conducente;M;Rifiuta cure immediate;0;NON DECEDUTO;Non accertato;
2020188;1;16/03/2014 13:45;Strada Urbana;VIALE MARCO POLO;in prossimità;;del palo luce n.;99;;Tamponamento Multiplo;Rettilineo;Una carreggiata a senso unico di marcia;Asciutto;Asfaltata;Verticale ed orizzontale;Sereno;Scarso;Buona;Ore Diurne;4;0;0;1;12.49594;41.87144;-1;4;Autovettura privata;In marcia / fermata / arresto;Passeggero;F;Rifiuta cure immediate;0;NON DECEDUTO;Non accertato;
2020194;4;14/03/2014 17:40;Strada Urbana;VIA UGO OJETTI;da specificare;;;;direz via Nomentana 300 m. da svinc. v. Nomentana;Veicolo in marcia contro veicolo in sosta;Rettilineo;Due carreggiate;Asciutto;Asfaltata;Verticale ed orizzontale;Sereno;Normale;Buona;Ore Diurne;2;0;0;0;12.5637;41.95217;-1;2;Autovettura privata;In marcia / fermata / arresto;Conducente;M;Rimandato;0;NON DECEDUTO;Non accertato;Esploso