Protocollo;Gruppo;DataOraIncidente;Localizzazione1;STRADA1;Localizzazione2;STRADA2;Strada02;Chilometrica;DaSpecificare;NaturaIncidente;particolaritastrade;TipoStrada;FondoStradale;Pavimentazione;Segnaletica;CondizioneAtmosferica;Traffico;Visibilita;Illuminazione;NUM_FERITI;NUM_RISERVATA;NUM_MORTI;NUM_ILLESI;Longitudine;Latitudine;Confermato;Progressivo;TipoVeicolo;StatoVeicolo;TipoPersona;Sesso;Tipolesione;Deceduto;DecedutoDopo;CinturaCascoUtilizzato;Airbag
2025087;3;21/03/2014 11:15;Strada Urbana;CIRCONVALLAZIONE TIBURTINA;da specificare;;;;prov. Castrense RAMPA ACCESSO TRONCHETTO A 24;Veicolo in marcia contro ostacolo accidentale;Pendenza;Più di due carreggiate;Asciutto;Asfaltata;Verticale;Sereno;Normale;Buona;Ore Diurne;0;0;0;1;12.53062;41.9012;-1;1;Autovettura privata;In marcia / fermata / arresto;Conducente;M;Illeso;0;;Non accertato;Inesploso
2025088;1;23/03/2014 01:40;Strada Urbana;VIALE DELLA PIRAMIDE CESTIA;in corrispondenza;;del palo luce n.;4;;Veicolo in marcia contro veicoli in sosta;Rettilineo;Una carreggiata a senso unico di marcia;Asciutto;In cubetti di porfido;Verticale ed orizzontale;Nuvoloso;Normale;Buona;Sufficiente;0;0;0;2;12.48304;41.87917;-1;1;Autovettura privata;In marcia / fermata / arresto;Conducente;M;Illeso;0;;Non accertato;
2025088;1;23/03/2014 01:40;Strada Urbana;VIALE DELLA PIRAMIDE CESTIA;in corrispondenza;;del palo luce n.;4;;Veicolo in marcia contro veicoli in sosta;Rettilineo;Una carreggiata a senso unico di marcia;Asciutto;In cubetti di porfido;Verticale ed orizzontale;Nuvoloso;Normale;Buona;Sufficiente;0;0;0;2;12.48304;41.87917;-1;1;Autovettura privata;In marcia / fermata / arresto;Passeggero;F;Illeso;0;;Non accertato;
2025089;9;24/03/2014 06:30;Strada Urbana;VIA APPIA NUOVA;all'intersezione semaforizzata con;PIAZZA CESARE CANTU';PIAZZA CESARE CANTU';;;Scontro frontale/laterale DX fra veicoli in marcia;Intersezione semaforizzata;Due carreggiate;Bagnato (pioggia);Asfaltata;Verticale ed orizzontale;Nuvoloso;Normale;Buona;Ore Diurne;5;0;0;0;12.52775;41.87055;-1;1;Autovettura privata;In marcia / fermata / arresto;Conducente;M;Rimandato;0;NON DECEDUTO;Utilizzato;Inesploso
2025089;9;24/03/2014 06:30;Strada Urbana;VIA APPIA NUOVA;all'intersezione semaforizzata con;PIAZZA CESARE CANTU';PIAZZA CESARE CANTU';;;Scontro frontale/laterale DX fra veicoli in marcia;Intersezione semaforizzata;Due carreggiate;Bagnato (pioggia);Asfaltata;Verticale ed orizzontale;Nuvoloso;Normale;Buona;Ore Diurne;5;0;0;0;12.52775;41.87055;-1;1;Autovettura privata;In marcia / fermata / arresto;Passeggero;M;Rimandato;0;NON DECEDUTO;Utilizzato;Inesploso
2025089;9;24/03/2014 06:30;Strada Urbana;VIA APPIA NUOVA;all'intersezione semaforizzata con;PIAZZA CESARE CANTU';PIAZZA CESARE CANTU';;;Scontro frontale/laterale DX fra veicoli in marcia;Intersezione semaforizzata;Due carreggiate;Bagnato (pioggia);Asfaltata;Verticale ed orizzontale;Nuvoloso;Normale;Buona;Ore Diurne;5;0;0;0;12.52775;41.87055;-1;1;Autovettura privata;In marcia / fermata / arresto;Passeggero;M;Ricoverato;0;NON DECEDUTO;Utilizzato;Inesploso
2025089;9;24/03/2014 06:30;Strada Urbana;VIA APPIA NUOVA;all'intersezione semaforizzata con;PIAZZA CESARE CANTU';PIAZZA CESARE CANTU';;;Scontro frontale/laterale DX fra veicoli in marcia;Intersezione semaforizzata;Due carreggiate;Bagnato (pioggia);Asfaltata;Verticale ed orizzontale;Nuvoloso;Normale;Buona;Ore Diurne;5;0;0;0;12.52775;41.87055;-1;2;Autovettura privata;In marcia / fermata / arresto;Conducente;F;Rimandato;0;NON DECEDUTO;Utilizzato;Esploso
2025089;9;24/03/2014 06:30;Strada Urbana;VIA APPIA NUOVA;all'intersezione semaforizzata con;PIAZZA CESARE CANTU';PIAZZA CESARE CANTU';;;Scontro frontale/laterale DX fra veicoli in marcia;Intersezione semaforizzata;Due carreggiate;Bagnato (pioggia);Asfaltata;Verticale ed orizzontale;Nuvoloso;Normale;Buona;Ore Diurne;5;0;0;0;12.52775;41.87055;-1;2;Autovettura privata;In marcia / fermata / arresto;Passeggero;M;Rimandato;0;NON DECEDUTO;Utilizzato;Esploso
2025091;15;22/03/2014 13:05;Strada Urbana;VIA SENORBI;in corrispondenza;;del civico n.;150;;Scontro laterale fra veicoli in marcia;Curva senza visuale libera;Una carreggiata a doppio senso;Asciutto;Asfaltata;Assente;Nuvoloso;Scarso;Buona;Ore Diurne;0;0;0;5;12.3569;41.83744;-1;1;Autovettura privata;In marcia / fermata / arresto;Conducente;M;Illeso;0;;Utilizzato;Inesploso
2025091;15;22/03/2014 13:05;Strada Urbana;VIA SENORBI;in corrispondenza;;del civico n.;150;;Scontro laterale fra veicoli in marcia;Curva senza visuale libera;Una carreggiata a doppio senso;Asciutto;Asfaltata;Assente;Nuvoloso;Scarso;Buona;Ore Diurne;0;0;0;5;12.3569;41.83744;-1;1;Autovettura privata;In marcia / fermata / arresto;Passeggero;F;Illeso;0;;Utilizzato;Inesploso
2025091;15;22/03/2014 13:05;Strada Urbana;VIA SENORBI;in corrispondenza;;del civico n.;150;;Scontro laterale fra veicoli in marcia;Curva senza visuale libera;Una carreggiata a doppio senso;Asciutto;Asfaltata;Assente;Nuvoloso;Scarso;Buona;Ore Diurne;0;0;0;5;12.3569;41.83744;-1;1;Autovettura privata;In marcia / fermata / arresto;Passeggero;F;Illeso;0;;Utilizzato;Inesploso
2025091;15;22/03/2014 13:05;Strada Urbana;VIA SENORBI;in corrispondenza;;del civico n.;150;;Scontro laterale fra veicoli in marcia;Curva senza visuale libera;Una carreggiata a doppio senso;Asciutto;Asfaltata;Assente;Nuvoloso;Scarso;Buona;Ore Diurne;0;0;0;5;12.3569;41.83744;-1;2;Autovettura privata;In marcia / fermata / arresto;Conducente;M;Illeso;0;;Utilizzato;Inesploso
2025091;15;22/03/2014 13:05;Strada Urbana;VIA SENORBI;in corrispondenza;;del civico n.;150;;Scontro laterale fra veicoli in marcia;Curva senza visuale libera;Una carreggiata a doppio senso;Asciutto;Asfaltata;Assente;Nuvoloso;Scarso;Buona;Ore Diurne;0;0;0;5;12.3569;41.83744;-1;2;Autovettura privata;In marcia / fermata / arresto;Passeggero;F;Illeso;0;;Utilizzato;Inesploso
2025092;13;23/03/2014 18:05;Strada Urbana;VIA GUIDO CALZA;da specificare;;;;PROSSIMITA' INTERS. CON VIA DEI ROMAGNOLI;Veicolo in marcia contro ostacolo accidentale;Rettilineo;Una carreggiata a senso unico di marcia;Asciutto;Asfaltata;Orizzontale;Sereno;Normale;Sufficiente;Ore Diurne;0;0;0;1;12.2986;41.75563;-1;1;Autovettura privata;In marcia / fermata / arresto;Conducente;M;Illeso;0;;Non accertato;Inesploso
2025093;3;21/03/2014 20:15;Strada Urbana;VIA DELLA LEGA LOMBARDA;da specificare;;;;in prossimità Giano della Bella;Scontro laterale fra veicoli in marcia;Rettilineo;Una carreggiata a doppio senso;Asciutto;Asfaltata;Verticale ed orizzontale;Sereno;Normale;Buona;Sufficiente;0;1;0;1;12.52343;41.90889;-1;1;Autovettura privata;In marcia / fermata / arresto;Conducente;M;Illeso;0;;Non accertato;
2025093;3;21/03/2014 20:15;Strada Urbana;VIA DELLA LEGA LOMBARDA;da specificare;;;;in prossimità Giano della Bella;Scontro laterale fra veicoli in marcia;Rettilineo;Una carreggiata a doppio senso;Asciutto;Asfaltata;Verticale ed orizzontale;Sereno;Normale;Buona;Sufficiente;0;1;0;1;12.52343;41.90889;-1;2;Motociclo a solo;In marcia / fermata / arresto;Conducente;M;Prognosi riservata;0;NON DECEDUTO;Non accertato;
2025097;20;21/03/2014 11:00;Altra strada;VIALE CORTINA D'AMPEZZO;all'intersezione con;VIA VALLOMBROSA;VIA VALLOMBROSA;;;Scontro frontale fra veicoli in marcia;Incrocio;Una carreggiata a doppio senso;Asciutto;Asfaltata;Verticale ed orizzontale;Sereno;Intenso;Buona;Ore Diurne;2;0;0;1;12.44217;41.94689;-1;1;Autovettura privata;In marcia / fermata / arresto;Conducente;F;Illeso;0;;Non accertato;
2025097;20;21/03/2014 11:00;Altra strada;VIALE CORTINA D'AMPEZZO;all'intersezione con;VIA VALLOMBROSA;VIA VALLOMBROSA;;;Scontro frontale fra veicoli in marcia;Incrocio;Una carreggiata a doppio senso;Asciutto;Asfaltata;Verticale ed orizzontale;Sereno;Intenso;Buona;Ore Diurne;2;0;0;1;12.44217;41.94689;-1;2;Motociclo a solo;In marcia / fermata / arresto;Conducente;M;Rimandato;0;NON DECEDUTO;Non accertato;
2025097;20;21/03/2014 11:00;Altra strada;VIALE CORTINA D'AMPEZZO;all'intersezione con;VIA VALLOMBROSA;VIA VALLOMBROSA;;;Scontro frontale fra veicoli in marcia;Incrocio;Una carreggiata a doppio senso;Asciutto;Asfaltata;Verticale ed orizzontale;Sereno;Intenso;Buona;Ore Diurne;2;0;0;1;12.44217;41.94689;-1;2;Motociclo a solo;In marcia / fermata / arresto;Passeggero;F;Rimandato;0;NON DECEDUTO;Non accertato;
2025102;18;21/03/2014 11:40;Strada Urbana;VIA AURELIA;in prossimità;;del civico n.;283;;Ribaltamento senza urto contro ostacolo fisso;Rettilineo;Una carreggiata a doppio senso;Asciutto;Asfaltata;Verticale ed orizzontale;Sereno;Normale;Buona;Ore Diurne;1;0;0;2;12.43797;41.898;-1;1;Autovettura privata;In marcia / fermata / arresto;Conducente;F;Illeso;0;;Non accertato;Inesploso
2025102;18;21/03/2014 11:40;Strada Urbana;VIA AURELIA;in prossimità;;del civico n.;283;;Ribaltamento senza urto contro ostacolo fisso;Rettilineo;Una carreggiata a doppio senso;Asciutto;Asfaltata;Verticale ed orizzontale;Sereno;Normale;Buona;Ore Diurne;1;0;0;2;12.43797;41.898;-1;1;Autovettura privata;In marcia / fermata / arresto;Passeggero;M;Illeso;0;;Non accertato;Inesploso
2025102;18;21/03/2014 11:40;Strada Urbana;VIA AURELIA;in prossimità;;del civico n.;283;;Ribaltamento senza urto contro ostacolo fisso;Rettilineo;Una carreggiata a doppio senso;Asciutto;Asfaltata;Verticale ed orizzontale;Sereno;Normale;Buona;Ore Diurne;1;0;0;2;12.43797;41.898;-1;2;Motociclo a solo;In marcia / fermata / arresto;Conducente;M;Rimandato;0;NON DECEDUTO;Utilizzato;
2025103;15;23/03/2014 14:45;Strada Urbana;VIA DELLE VIGNE;in prossimità;;del civico n.;84;;Veicolo in marcia contro veicolo in sosta;Rettilineo;Una carreggiata a doppio senso;Bagnato (pioggia);Asfaltata;Assente;Nuvoloso;Normale;Buona;Ore Diurne;0;0;0;1;12.4227;41.83915;-1;2;Autovettura privata;In marcia / fermata / arresto;Conducente;M;Illeso;0;;Utilizzato;
2025105;2;23/03/2014 05:00;Strada Urbana;VIA NOMENTANA;in prossimità;;del civico n.;568;;Veicolo in marcia contro veicolo in sosta;Rettilineo;Una carreggiata a doppio senso;Bagnato (umidità in atto);Asfaltata;Verticale ed orizzontale;Nuvoloso;Scarso;Sufficiente;Ore Diurne;0;0;0;1;12.53905;41.93677;-1;1;Autovettura privata;In marcia / fermata / arresto;Conducente;M;Illeso;0;;Non accertato;Inesploso
2025109;4;21/03/2014 09:20;Statale entro l'abitato;VIA SALARIA;in prossimità;;del civico n.;665;;Scontro laterale fra veicoli in marcia;Rettilineo;Due carreggiate;Asciutto;Asfaltata;Verticale ed orizzontale;Sereno;Normale;Buona;Ore Diurne;0;0;0;4;12.5078;41.94069;-1;1;Autovettura privata;In marcia / fermata / arresto;Conducente;M;Illeso;0;;Non accertato;Inesistente
2025109;4;21/03/2014 09:20;Statale entro l'abitato;VIA SALARIA;in prossimità;;del civico n.;665;;Scontro laterale fra veicoli in marcia;Rettilineo;Due carreggiate;Asciutto;Asfaltata;Verticale ed orizzontale;Sereno;Normale;Buona;Ore Diurne;0;0;0;4;12.5078;41.94069;-1;1;Autovettura privata;In marcia / fermata / arresto;Passeggero;F;Illeso;0;;Non accertato;Inesistente
2025109;4;21/03/2014 09:20;Statale entro l'abitato;VIA SALARIA;in prossimità;;del civico n.;665;;Scontro laterale fra veicoli in marcia;Rettilineo;Due carreggiate;Asciutto;Asfaltata;Verticale ed orizzontale;Sereno;Normale;Buona;Ore Diurne;0;0;0;4;12.5078;41.94069;-1;2;Autocarro inferiore 35 q.;In marcia / fermata / arresto;Conducente;M;Illeso;0;;Non accertato;Inesistente
2025109;4;21/03/2014 09:20;Statale entro l'abitato;VIA SALARIA;in prossimità;;del civico n.;665;;Scontro laterale fra veicoli in marcia;Rettilineo;Due carreggiate;Asciutto;Asfaltata;Verticale ed orizzontale;Sereno;Normale;Buona;Ore Diurne;0;0;0;4;12.5078;41.94069;-1;2;Autocarro inferiore 35 q.;In marcia / fermata / arresto;Passeggero;M;Illeso;0;;Non accertato;
2025110;4;21/03/2014 11:55;Strada Urbana;VIA GARGANO;in corrispondenza;;del civico n.;48;;Tamponamento;Rettilineo;Una carreggiata a doppio senso;Asciutto;Asfaltata;Verticale ed orizzontale;Sereno;Normale;Buona;Ore Diurne;0;0;0;4;12.53436;41.93588;-1;1;Autovettura privata;In marcia / fermata / arresto;Conducente;M;Illeso;0;;Non accertato;Inesploso
2025110;4;21/03/2014 11:55;Strada Urbana;VIA GARGANO;in corrispondenza;;del civico n.;48;;Tamponamento;Rettilineo;Una carreggiata a doppio senso;Asciutto;Asfaltata;Verticale ed orizzontale;Sereno;Normale;Buona;Ore Diurne;0;0;0;4;12.53436;41.93588;-1;1;Autovettura privata;In marcia / fermata / arresto;Passeggero;F;Illeso;0;;Non accertato;Inesploso
2025110;4;21/03/2014 11:55;Strada Urbana;VIA GARGANO;in corrispondenza;;del civico n.;48;;Tamponamento;Rettilineo;Una carreggiata a doppio senso;Asciutto;Asfaltata;Verticale ed orizzontale;Sereno;Normale;Buona;Ore Diurne;0;0;0;4;12.53436;41.93588;-1;2;Autovettura privata;In marcia / fermata / arresto;Conducente;M;Illeso;0;;Non accertato;Inesploso
2025110;4;21/03/2014 11:55;Strada Urbana;VIA GARGANO;in corrispondenza;;del civico n.;48;;Tamponamento;Rettilineo;Una carreggiata a doppio senso;Asciutto;Asfaltata;Verticale ed orizzontale;Sereno;Normale;Buona;Ore Diurne;0;0;0;4;12.53436;41.93588;-1;2;Autovettura privata;In marcia / fermata / arresto;Passeggero;M;Illeso;0;;Non accertato;Inesploso
2025111;16;21/03/2014 14:50;Strada Urbana;VIA CAMILLO SERAFINI;in corrispondenza;;del civico n.;20;;Scontro laterale fra veicoli in marcia;Rettilineo;Una carreggiata a doppio senso;Asciutto;Asfaltata;Verticale ed orizzontale;Sereno;Normale;Buona;Ore Diurne;1;0;0;2;12.42736;41.87915;-1;1;Autovettura privata;In marcia / fermata / arresto;Conducente;M;Illeso;0;;Non accertato;
2025111;16;21/03/2014 14:50;Strada Urbana;VIA CAMILLO SERAFINI;in corrispondenza;;del civico n.;20;;Scontro laterale fra veicoli in marcia;Rettilineo;Una carreggiata a doppio senso;Asciutto;Asfaltata;Verticale ed orizzontale;Sereno;Normale;Buona;Ore Diurne;1;0;0;2;12.42736;41.87915;-1;1;Autovettura privata;In marcia / fermata / arresto;Passeggero;F;Illeso;0;;Non accertato;
2025111;16;21/03/2014 14:50;Strada Urbana;VIA CAMILLO SERAFINI;in corrispondenza;;del civico n.;20;;Scontro laterale fra veicoli in marcia;Rettilineo;Una carreggiata a doppio senso;Asciutto;Asfaltata;Verticale ed orizzontale;Sereno;Normale;Buona;Ore Diurne;1;0;0;2;12.42736;41.87915;-1;2;Motociclo a solo;In marcia / fermata / arresto;Conducente;M;Rimandato;0;NON DECEDUTO;Non accertato;
2025113;3;22/03/2014 18:15;Strada Urbana;PIAZZALE TIBURTINO;in corrispondenza;;del civico n.;30;;Investimento di pedone;Rettilineo;Due carreggiate;Asciutto;Asfaltata;Verticale ed orizzontale;Sereno;Normale;Buona;Ore Diurne;1;0;0;2;12.5115;41.89671;-1;;;;Pedone;M;Rimandato;0;NON DECEDUTO;;
2025113;3;22/03/2014 18:15;Strada Urbana;PIAZZALE TIBURTINO;in corrispondenza;;del civico n.;30;;Investimento di pedone;Rettilineo;Due carreggiate;Asciutto;Asfaltata;Verticale ed orizzontale;Sereno;Normale;Buona;Ore Diurne;1;0;0;2;12.5115;41.89671;-1;1;Autovettura privata;In marcia / fermata / arresto;Conducente;M;Illeso;0;;Utilizzato;Inesploso
2025113;3;22/03/2014 18:15;Strada Urbana;PIAZZALE TIBURTINO;in corrispondenza;;del civico n.;30;;Investimento di pedone;Rettilineo;Due carreggiate;Asciutto;Asfaltata;Verticale ed orizzontale;Sereno;Normale;Buona;Ore Diurne;1;0;0;2;12.5115;41.89671;-1;1;Autovettura privata;In marcia / fermata / arresto;Passeggero;M;Illeso;0;;Utilizzato;Inesploso
2025115;4;21/03/2014 12:50;Strada Urbana;VIA NOMENTANA NUOVA;all'intersezione semaforizzata con;VIA VAL TROMPIA;VIA VAL TROMPIA;;;Scontro frontale/laterale DX fra veicoli in marcia;Intersezione semaforizzata;Una carreggiata a doppio senso;Asciutto;Asfaltata;Verticale ed orizzontale;Sereno;Normale;Buona;Ore Diurne;1;0;0;1;12.52968;41.93342;-1;1;Autovettura privata;In marcia / fermata / arresto;Conducente;F;Illeso;0;;Non accertato;Inesploso
2025115;4;21/03/2014 12:50;Strada Urbana;VIA NOMENTANA NUOVA;all'intersezione semaforizzata con;VIA VAL TROMPIA;VIA VAL TROMPIA;;;Scontro frontale/laterale DX fra veicoli in marcia;Intersezione semaforizzata;Una carreggiata a doppio senso;Asciutto;Asfaltata;Verticale ed orizzontale;Sereno;Normale;Buona;Ore Diurne;1;0;0;1;12.52968;41.93342;-1;2;Motociclo a solo;In marcia / fermata / arresto;Conducente;F;Rimandato;0;NON DECEDUTO;Non accertato;
2025118;19;22/03/2014 11:50;Strada Urbana;VIA DEL PODERE DI S. GIUSTO;all'intersezione con;VIA LESEGNO;VIA LESEGNO;;;Veicolo in marcia contro ostacolo fisso;Incrocio;Una carreggiata a doppio senso;Asciutto;Asfaltata;Verticale;Nuvoloso;Scarso;Buona;Ore Diurne;0;0;0;2;12.39159;41.92271;-1;1;Autovettura privata;In marcia / fermata / arresto;Conducente;M;Illeso;0;;Non accertato;Inesploso
2025118;19;22/03/2014 11:50;Strada Urbana;VIA DEL PODERE DI S. GIUSTO;all'intersezione con;VIA LESEGNO;VIA LESEGNO;;;Veicolo in marcia contro ostacolo fisso;Incrocio;Una carreggiata a doppio senso;Asciutto;Asfaltata;Verticale;Nuvoloso;Scarso;Buona;Ore Diurne;0;0;0;2;12.39159;41.92271;-1;1;Autovettura privata;In marcia / fermata / arresto;Passeggero;M;Illeso;0;;Non accertato;Inesploso
2025121;4;21/03/2014 15:15;Strada Urbana;VIA UGO OJETTI;in corrispondenza;;del civico n.;63;;Veicolo in marcia contro veicolo in sosta;Rettilineo;Due carreggiate;Asciutto;Asfaltata;Verticale;Sereno;Normale;Sufficiente;Ore Diurne;0;0;0;1;12.54991;41.94419;-1;1;Autovettura privata;Allontanatosi;Conducente;F;Illeso;0;;Non accertato;Inesploso
2025127;19;23/03/2014 00:45;Strada Urbana;VIA TRIONFALE;in prossimità;;del civico n.;7515;;Fuoriuscita dalla sede stradale;Curva a visuale libera;Due carreggiate;Bagnato (pioggia);Asfaltata;Verticale ed orizzontale;Nuvoloso;Scarso;Buona;Sufficiente;1;0;0;2;12.43442;41.93483;-1;1;Autovettura privata;In marcia / fermata / arresto;Conducente;M;Illeso;0;;;
2025127;19;23/03/2014 00:45;Strada Urbana;VIA TRIONFALE;in prossimità;;del civico n.;7515;;Fuoriuscita dalla sede stradale;Curva a visuale libera;Due carreggiate;Bagnato (pioggia);Asfaltata;Verticale ed orizzontale;Nuvoloso;Scarso;Buona;Sufficiente;1;0;0;2;12.43442;41.93483;-1;1;Autovettura privata;In marcia / fermata / arresto;Passeggero;M;Illeso;0;;Non accertato;Inesploso
2025127;19;23/03/2014 00:45;Strada Urbana;VIA TRIONFALE;in prossimità;;del civico n.;7515;;Fuoriuscita dalla sede stradale;Curva a visuale libera;Due carreggiate;Bagnato (pioggia);Asfaltata;Verticale ed orizzontale;Nuvoloso;Scarso;Buona;Sufficiente;1;0;0;2;12.43442;41.93483;-1;1;Autovettura privata;In marcia / fermata / arresto;Passeggero;M;Rimandato;0;NON DECEDUTO;Non accertato;Inesistente
2025128;3;23/03/2014 15:00;Strada Urbana;CIRCONVALLAZIONE TIBURTINA;da specificare;;;;altezza ingresso portonaccio;Veicolo in marcia contro ostacolo fisso;Rettilineo;Due carreggiate;Bagnato (pioggia);Asfaltata;Verticale ed orizzontale;Pioggia in atto;Scarso;Buona;Ore Diurne;0;0;0;1;12.53057;41.90097;-1;1;Autovettura privata;In marcia / fermata / arresto;Conducente;F;Illeso;0;;Non accertato;Inesistente
2025129;4;21/03/2014 16:30;Strada Urbana;VIA ETNA;in corrispondenza;;del civico n.;14;;Tamponamento;Rettilineo;Una carreggiata a doppio senso;Asciutto;Asfaltata;Verticale;Sereno;Normale;Buona;Ore Diurne;0;0;0;3;12.52946;41.94101;-1;1;Autovettura privata;In marcia / fermata / arresto;Conducente;F;Illeso;0;;Non accertato;
2025129;4;21/03/2014 16:30;Strada Urbana;VIA ETNA;in corrispondenza;;del civico n.;14;;Tamponamento;Rettilineo;Una carreggiata a doppio senso;Asciutto;Asfaltata;Verticale;Sereno;Normale;Buona;Ore Diurne;0;0;0;3;12.52946;41.94101;-1;2;Autovettura privata;In marcia / fermata / arresto;Conducente;M;Illeso;0;;Non accertato;
2025129;4;21/03/2014 16:30;Strada Urbana;VIA ETNA;in corrispondenza;;del civico n.;14;;Tamponamento;Rettilineo;Una carreggiata a doppio senso;Asciutto;Asfaltata;Verticale;Sereno;Normale;Buona;Ore Diurne;0;0;0;3;12.52946;41.94101;-1;2;Autovettura privata;In marcia / fermata / arresto;Passeggero;F;Illeso;0;;Non accertato;
2025135;4;21/03/2014 20:45;Strada Urbana;VIA DEI PRATI FISCALI;in prossimità;;del civico n.;269;;Scontro laterale fra veicoli in marcia;Rettilineo;Due carreggiate;Asciutto;Asfaltata;Verticale ed orizzontale;Sereno;Normale;Buona;Sufficiente;1;0;0;2;12.5146;41.94576;-1;1;Autovettura privata;In marcia / fermata / arresto;Conducente;F;Illeso;0;;Non accertato;Inesploso
2025135;4;21/03/2014 20:45;Strada Urbana;VIA DEI PRATI FISCALI;in prossimità;;del civico n.;269;;Scontro laterale fra veicoli in marcia;Rettilineo;Due carreggiate;Asciutto;Asfaltata;Verticale ed orizzontale;Sereno;Normale;Buona;Sufficiente;1;0;0;2;12.5146;41.94576;-1;1;Autovettura privata;In marcia / fermata / arresto;Passeggero;F;Illeso;0;;Non accertato;Inesploso
2025135;4;21/03/2014 20:45;Strada Urbana;VIA DEI PRATI FISCALI;in prossimità;;del civico n.;269;;Scontro laterale fra veicoli in marcia;Rettilineo;Due carreggiate;Asciutto;Asfaltata;Verticale ed orizzontale;Sereno;Normale;Buona;Sufficiente;1;0;0;2;12.5146;41.94576;-1;2;Motociclo a solo;In marcia / fermata / arresto;Conducente;M;Rimandato;0;NON DECEDUTO;Non accertato;
2025141;3;23/03/2014 13:30;Strada Urbana;tangenziale / est dir. salaria;da specificare;;;;200 m prima dell'uscita via nomentana;Ribaltamento senza urto contro ostacolo fisso;Galleria illuminata;Una carreggiata a senso unico di marcia;Asciutto;Asfaltata;Verticale ed orizzontale;Nuvoloso;Normale;Buona;Ore Diurne;1;0;0;0;12.52785;41.9266;-1;1;Autovettura privata;In marcia / fermata / arresto;Conducente;M;Ricoverato;0;NON DECEDUTO;;
2025143;3;22/03/2014 02:30;Strada Urbana;VIA NOMENTANA;all'intersezione semaforizzata con;VIALE REGINA MARGHERITA;VIALE REGINA MARGHERITA;;;Scontro frontale/laterale DX fra veicoli in marcia;Incrocio;Più di due carreggiate;Asciutto;Asfaltata;Verticale ed orizzontale;Nuvoloso;Scarso;Buona;Sufficiente;2;0;0;2;12.5067;41.91293;-1;1;Autovettura privata;In marcia / fermata / arresto;Conducente;F;Illeso;0;;Non accertato;Esploso
2025143;3;22/03/2014 02:30;Strada Urbana;VIA NOMENTANA;all'intersezione semaforizzata con;VIALE REGINA MARGHERITA;VIALE REGINA MARGHERITA;;;Scontro frontale/laterale DX fra veicoli in marcia;Incrocio;Più di due carreggiate;Asciutto;Asfaltata;Verticale ed orizzontale;Nuvoloso;Scarso;Buona;Sufficiente;2;0;0;2;12.5067;41.91293;-1;1;Autovettura privata;In marcia / fermata / arresto;Passeggero;F;Illeso;0;;Non accertato;Esploso
2025143;3;22/03/2014 02:30;Strada Urbana;VIA NOMENTANA;all'intersezione semaforizzata con;VIALE REGINA MARGHERITA;VIALE REGINA MARGHERITA;;;Scontro frontale/laterale DX fra veicoli in marcia;Incrocio;Più di due carreggiate;Asciutto;Asfaltata;Verticale ed orizzontale;Nuvoloso;Scarso;Buona;Sufficiente;2;0;0;2;12.5067;41.91293;-1;2;Autovettura pubblica;In marcia / fermata / arresto;Conducente;M;Rimandato;0;NON DECEDUTO;Utilizzato;Esploso
2025143;3;22/03/2014 02:30;Strada Urbana;VIA NOMENTANA;all'intersezione semaforizzata con;VIALE REGINA MARGHERITA;VIALE REGINA MARGHERITA;;;Scontro frontale/laterale DX fra veicoli in marcia;Incrocio;Più di due carreggiate;Asciutto;Asfaltata;Verticale ed orizzontale;Nuvoloso;Scarso;Buona;Sufficiente;2;0;0;2;12.5067;41.91293;-1;2;Autovettura pubblica;In marcia / fermata / arresto;Passeggero;F;Rifiuta cure immediate;0;NON DECEDUTO;Non accertato;Esploso
2025160;4;22/03/2014 12:30;Strada Urbana;VIA DELLA TENUTA REDICICOLI;da specificare;;;;prossimità VIA del CASALE di REDICICOLI;Ribaltamento senza urto contro ostacolo fisso;Curva senza visuale libera;Una carreggiata a senso unico di marcia;Bagnato (pioggia);Asfaltata;Verticale ed orizzontale;Nuvoloso;Normale;Buona;Ore Diurne;1;0;0;1;12.54342;41.97324;-1;1;Motociclo con passeggero;In marcia / fermata / arresto;Conducente;M;Rimandato;0;NON DECEDUTO;Utilizzato;
2025160;4;22/03/2014 12:30;Strada Urbana;VIA DELLA TENUTA REDICICOLI;da specificare;;;;prossimità VIA del CASALE di REDICICOLI;Ribaltamento senza urto contro ostacolo fisso;Curva senza visuale libera;Una carreggiata a senso unico di marcia;Bagnato (pioggia);Asfaltata;Verticale ed orizzontale;Nuvoloso;Normale;Buona;Ore Diurne;1;0;0;1;12.54342;41.97324;-1;1;Motociclo con passeggero;In marcia / fermata / arresto;Passeggero;M;Illeso;0;;Non accertato;
2025161;20;22/03/2014 11:45;Altra strada;VIA CASSIA;in corrispondenza;;del civico n.;340;;Scontro frontale fra veicoli in marcia;Pendenza;Una carreggiata a doppio senso;Asciutto;Asfaltata;Orizzontale;Nuvoloso;Normale;Buona;Ore Diurne;1;0;0;2;12.45677;41.95281;-1;1;Motociclo a solo;In marcia / fermata / arresto;Conducente;M;Rimandato;0;NON DECEDUTO;Non accertato;
2025161;20;22/03/2014 11:45;Altra strada;VIA CASSIA;in corrispondenza;;del civico n.;340;;Scontro frontale fra veicoli in marcia;Pendenza;Una carreggiata a doppio senso;Asciutto;Asfaltata;Orizzontale;Nuvoloso;Normale;Buona;Ore Diurne;1;0;0;2;12.45677;41.95281;-1;2;Autovettura privata;In marcia / fermata / arresto;Conducente;M;Illeso;0;;Non accertato;Inesploso