Protocollo;Gruppo;DataOraIncidente;Localizzazione1;STRADA1;Localizzazione2;STRADA2;Strada02;Chilometrica;DaSpecificare;NaturaIncidente;particolaritastrade;TipoStrada;FondoStradale;Pavimentazione;Segnaletica;CondizioneAtmosferica;Traffico;Visibilita;Illuminazione;NUM_FERITI;NUM_RISERVATA;NUM_MORTI;NUM_ILLESI;Longitudine;Latitudine;Confermato;Progressivo;TipoVeicolo;StatoVeicolo;TipoPersona;Sesso;Tipolesione;Deceduto;DecedutoDopo;CinturaCascoUtilizzato;Airbag
2028140;11;27/03/2014 21:15;Strada Urbana;VIA DI GROTTA PERFETTA;da specificare;;;;altezza VIA E. SPALLA.;Scontro frontale/laterale SX fra veicoli in marcia;Rettilineo;Una carreggiata a doppio senso;Asciutto;Asfaltata;Verticale ed orizzontale;Nuvoloso;Scarso;Sufficiente;Sufficiente;0;0;0;2;12.5148;41.83251;-1;2;Motociclo a solo;In marcia / fermata / arresto;Conducente;M;Illeso;0;;Non accertato;
2028150;5;27/03/2014 11:45;Strada Urbana;VIA TIBURTINA;in prossimità;;del civico n.;497;;Infortunio per sola frenata improvvisa;Rettilineo;Due carreggiate;Asciutto;Asfaltata;Verticale ed orizzontale;Sereno;Normale;Buona;Ore Diurne;0;0;0;2;12.53995;41.90861;-1;;;;Pedone;M;Illeso;0;;;
2028150;5;27/03/2014 11:45;Strada Urbana;VIA TIBURTINA;in prossimità;;del civico n.;497;;Infortunio per sola frenata improvvisa;Rettilineo;Due carreggiate;Asciutto;Asfaltata;Verticale ed orizzontale;Sereno;Normale;Buona;Ore Diurne;0;0;0;2;12.53995;41.90861;-1;1;Motociclo a solo;In marcia / fermata / arresto;Conducente;M;Illeso;0;;Non accertato;
2028152;7;27/03/2014 14:30;Strada Urbana;VIA CECCANO;all'intersezione con;VIA FERENTINO;VIA FERENTINO;;;Scontro frontale/laterale DX fra veicoli in marcia;Incrocio;Una carreggiata a senso unico di marcia;Bagnato (pioggia);Asfaltata;Verticale;Pioggia in atto;Scarso;Buona;Ore Diurne;0;0;0;2;12.56303;41.87781;-1;1;Autovettura privata;In marcia / fermata / arresto;Conducente;M;Illeso;0;;Non accertato;
2028152;7;27/03/2014 14:30;Strada Urbana;VIA CECCANO;all'intersezione con;VIA FERENTINO;VIA FERENTINO;;;Scontro frontale/laterale DX fra veicoli in marcia;Incrocio;Una carreggiata a senso unico di marcia;Bagnato (pioggia);Asfaltata;Verticale;Pioggia in atto;Scarso;Buona;Ore Diurne;0;0;0;2;12.56303;41.87781;-1;2;Autovettura privata;In marcia / fermata / arresto;Conducente;M;Illeso;0;;;Inesploso
2028155;5;27/03/2014 07:00;Strada Urbana;VIA CORCOLLE;all'intersezione con;VIA CERCHIARA;VIA CERCHIARA;;;Scontro frontale/laterale SX fra veicoli in marcia;Incrocio;Una carreggiata a doppio senso;Asciutto;Asfaltata;Verticale ed orizzontale;Nuvoloso;Normale;Buona;Ore Diurne;0;0;0;2;12.62012;41.93428;-1;1;Autovettura privata;In marcia / fermata / arresto;Conducente;F;Illeso;0;;Non accertato;Inesploso
2028155;5;27/03/2014 07:00;Strada Urbana;VIA CORCOLLE;all'intersezione con;VIA CERCHIARA;VIA CERCHIARA;;;Scontro frontale/laterale SX fra veicoli in marcia;Incrocio;Una carreggiata a doppio senso;Asciutto;Asfaltata;Verticale ed orizzontale;Nuvoloso;Normale;Buona;Ore Diurne;0;0;0;2;12.62012;41.93428;-1;2;Autovettura privata;In marcia / fermata / arresto;Conducente;M;Illeso;0;;Non accertato;Inesploso
2028158;19;28/03/2014 00:30;Strada Urbana;VIA ANDERSEN;da specificare;;;;prossimita' via del quartaccio;Fuoriuscita dalla sede stradale;Curva senza visuale libera;Una carreggiata a doppio senso;Bagnato (pioggia);Asfaltata;Orizzontale;Pioggia in atto;Scarso;Buona;Sufficiente;0;0;0;1;12.3942;41.91872;-1;1;Autovettura privata;In marcia / fermata / arresto;Conducente;F;Illeso;0;;Non accertato;Inesistente
2028159;19;27/03/2014 20:10;Strada Urbana;VIA DI TORREVECCHIA;in prossimità;;del civico n.;319;;Investimento di pedone;Rettilineo;Una carreggiata a doppio senso;Bagnato (umidità in atto);Asfaltata;Assente;Nuvoloso;Normale;Buona;Sufficiente;1;0;0;1;12.41568;41.92695;-1;;;;Pedone;F;Rimandato;0;NON DECEDUTO;;
2028159;19;27/03/2014 20:10;Strada Urbana;VIA DI TORREVECCHIA;in prossimità;;del civico n.;319;;Investimento di pedone;Rettilineo;Una carreggiata a doppio senso;Bagnato (umidità in atto);Asfaltata;Assente;Nuvoloso;Normale;Buona;Sufficiente;1;0;0;1;12.41568;41.92695;-1;1;Autovettura privata;In marcia / fermata / arresto;Conducente;F;Illeso;0;;;
2028160;11;27/03/2014 23:40;Strada Urbana;VIA DEL SERAFICO;all'intersezione semaforizzata con;VIA SIMONE MARTINI;VIA SIMONE MARTINI;;;Scontro laterale fra veicoli in marcia;Intersezione semaforizzata;Due carreggiate;Bagnato (pioggia);Asfaltata;Verticale ed orizzontale;Pioggia in atto;Scarso;Sufficiente;Sufficiente;1;0;0;3;12.48812;41.83044;-1;1;Autovettura privata;In marcia / fermata / arresto;Conducente;M;Rimandato;0;NON DECEDUTO;Non accertato;Inesploso
2028160;11;27/03/2014 23:40;Strada Urbana;VIA DEL SERAFICO;all'intersezione semaforizzata con;VIA SIMONE MARTINI;VIA SIMONE MARTINI;;;Scontro laterale fra veicoli in marcia;Intersezione semaforizzata;Due carreggiate;Bagnato (pioggia);Asfaltata;Verticale ed orizzontale;Pioggia in atto;Scarso;Sufficiente;Sufficiente;1;0;0;3;12.48812;41.83044;-1;2;Autovettura privata;In marcia / fermata / arresto;Conducente;M;Illeso;0;;Non accertato;Inesploso
2028160;11;27/03/2014 23:40;Strada Urbana;VIA DEL SERAFICO;all'intersezione semaforizzata con;VIA SIMONE MARTINI;VIA SIMONE MARTINI;;;Scontro laterale fra veicoli in marcia;Intersezione semaforizzata;Due carreggiate;Bagnato (pioggia);Asfaltata;Verticale ed orizzontale;Pioggia in atto;Scarso;Sufficiente;Sufficiente;1;0;0;3;12.48812;41.83044;-1;2;Autovettura privata;In marcia / fermata / arresto;Passeggero;M;Illeso;0;;Non accertato;Inesploso
2028161;7;27/03/2014 11:50;Strada Urbana;VIA DEI CASTANI;all'intersezione con;VIA DEI GLICINI;VIA DEI GLICINI;;;Scontro frontale/laterale SX fra veicoli in marcia;Incrocio;Una carreggiata a doppio senso;Asciutto;Asfaltata;Verticale ed orizzontale;Nuvoloso;Normale;Buona;Ore Diurne;0;0;0;2;12.56649;41.88025;-1;1;Autovettura privata;In marcia / fermata / arresto;Conducente;F;Illeso;0;;Non accertato;Inesploso
2028161;7;27/03/2014 11:50;Strada Urbana;VIA DEI CASTANI;all'intersezione con;VIA DEI GLICINI;VIA DEI GLICINI;;;Scontro frontale/laterale SX fra veicoli in marcia;Incrocio;Una carreggiata a doppio senso;Asciutto;Asfaltata;Verticale ed orizzontale;Nuvoloso;Normale;Buona;Ore Diurne;0;0;0;2;12.56649;41.88025;-1;2;Autovettura privata;In marcia / fermata / arresto;Conducente;M;Illeso;0;;Non accertato;Inesploso
2028164;5;27/03/2014 12:30;Strada Urbana;VIA RICCARDO ZAMPIERI;in prossimità;;del civico n.;15;;Tamponamento;Rettilineo;Una carreggiata a doppio senso;Bagnato (umidità in atto);Asfaltata;Verticale ed orizzontale;Nuvoloso;Normale;Buona;Ore Diurne;0;0;0;2;12.54971;41.90519;-1;1;Autovettura privata;In marcia / fermata / arresto;Conducente;F;Illeso;0;;Non accertato;Inesploso
2028164;5;27/03/2014 12:30;Strada Urbana;VIA RICCARDO ZAMPIERI;in prossimità;;del civico n.;15;;Tamponamento;Rettilineo;Una carreggiata a doppio senso;Bagnato (umidità in atto);Asfaltata;Verticale ed orizzontale;Nuvoloso;Normale;Buona;Ore Diurne;0;0;0;2;12.54971;41.90519;-1;2;Autocarro inferiore 35 q.;In marcia / fermata / arresto;Conducente;M;Illeso;0;;Non accertato;Inesistente
2028168;11;27/03/2014 14:10;Strada Urbana;VIA DI VIGNA MURATA;in prossimità;;del palo luce n.;100;;Fuoriuscita dalla sede stradale;Rettilineo;Due carreggiate;Bagnato (pioggia);Asfaltata;Orizzontale;Pioggia in atto;Normale;Sufficiente;Ore Diurne;1;0;0;0;12.50277;41.82689;-1;1;Autovettura privata;In marcia / fermata / arresto;Conducente;M;Rimandato;0;NON DECEDUTO;Non accertato;Inesploso
2028169;9;27/03/2014 19:45;Strada Urbana;VIA FARSALO;da specificare;;;;fronte via marruvio;Investimento di pedone;Rettilineo;Una carreggiata a senso unico di marcia;Bagnato (pioggia);Asfaltata;Verticale ed orizzontale;Pioggia in atto;Normale;Sufficiente;Sufficiente;1;0;0;1;12.50535;41.88255;-1;;;;Pedone;M;Rimandato;0;NON DECEDUTO;;
2028169;9;27/03/2014 19:45;Strada Urbana;VIA FARSALO;da specificare;;;;fronte via marruvio;Investimento di pedone;Rettilineo;Una carreggiata a senso unico di marcia;Bagnato (pioggia);Asfaltata;Verticale ed orizzontale;Pioggia in atto;Normale;Sufficiente;Sufficiente;1;0;0;1;12.50535;41.88255;-1;1;Autovettura privata;In marcia / fermata / arresto;Conducente;M;Illeso;0;;Non accertato;Inesploso
2028171;20;26/03/2014 13:40;Strada Urbana;LUNGOTEVERE MARESCIALLO CADORNA;in prossimità;;del civico n.;1;;Scontro frontale/laterale SX fra veicoli in marcia;Curva a visuale libera;Una carreggiata a doppio senso;Asciutto;Asfaltata;Verticale ed orizzontale;Nuvoloso;Intenso;Buona;Ore Diurne;0;0;0;2;12.45811;41.92785;-1;1;Autocarro inferiore 35 q.;In marcia / fermata / arresto;Conducente;M;Illeso;0;;Non accertato;Inesistente
2028171;20;26/03/2014 13:40;Strada Urbana;LUNGOTEVERE MARESCIALLO CADORNA;in prossimità;;del civico n.;1;;Scontro frontale/laterale SX fra veicoli in marcia;Curva a visuale libera;Una carreggiata a doppio senso;Asciutto;Asfaltata;Verticale ed orizzontale;Nuvoloso;Intenso;Buona;Ore Diurne;0;0;0;2;12.45811;41.92785;-1;2;Motociclo a solo;In marcia / fermata / arresto;Conducente;M;Illeso;0;;Non accertato;Inesistente
2028172;20;27/03/2014 08:25;Regionale entro l'abitato;VIA CASSIA;in corrispondenza;;della chilometrica;14.7;;Scontro frontale/laterale SX fra veicoli in marcia;Rettilineo;Una carreggiata a doppio senso;Asciutto;Asfaltata;Verticale ed orizzontale;Nuvoloso;Normale;Buona;Ore Diurne;0;0;0;2;12.41447;41.98253;-1;1;Motociclo a solo;In marcia / fermata / arresto;Conducente;M;Illeso;0;;Non accertato;Inesistente
2028172;20;27/03/2014 08:25;Regionale entro l'abitato;VIA CASSIA;in corrispondenza;;della chilometrica;14.7;;Scontro frontale/laterale SX fra veicoli in marcia;Rettilineo;Una carreggiata a doppio senso;Asciutto;Asfaltata;Verticale ed orizzontale;Nuvoloso;Normale;Buona;Ore Diurne;0;0;0;2;12.41447;41.98253;-1;2;Autovettura privata;In marcia / fermata / arresto;Conducente;F;Illeso;0;;Non accertato;Inesploso
2028173;5;27/03/2014 16:00;Strada Urbana;VIA CESARE RICOTTI;all'intersezione con;VIA DOMENICO CUCCHIARI;VIA DOMENICO CUCCHIARI;;;Scontro frontale/laterale SX fra veicoli in marcia;Incrocio;Una carreggiata a doppio senso;Bagnato (umidità in atto);In cubetti di porfido;Verticale;Nuvoloso;Scarso;Buona;Ore Diurne;0;0;0;3;12.53519;41.89939;-1;1;Autovettura privata;In marcia / fermata / arresto;Conducente;M;Illeso;0;;Non accertato;Inesploso
2028173;5;27/03/2014 16:00;Strada Urbana;VIA CESARE RICOTTI;all'intersezione con;VIA DOMENICO CUCCHIARI;VIA DOMENICO CUCCHIARI;;;Scontro frontale/laterale SX fra veicoli in marcia;Incrocio;Una carreggiata a doppio senso;Bagnato (umidità in atto);In cubetti di porfido;Verticale;Nuvoloso;Scarso;Buona;Ore Diurne;0;0;0;3;12.53519;41.89939;-1;1;Autovettura privata;In marcia / fermata / arresto;Passeggero;F;Illeso;0;;Non accertato;Inesploso
2028173;5;27/03/2014 16:00;Strada Urbana;VIA CESARE RICOTTI;all'intersezione con;VIA DOMENICO CUCCHIARI;VIA DOMENICO CUCCHIARI;;;Scontro frontale/laterale SX fra veicoli in marcia;Incrocio;Una carreggiata a doppio senso;Bagnato (umidità in atto);In cubetti di porfido;Verticale;Nuvoloso;Scarso;Buona;Ore Diurne;0;0;0;3;12.53519;41.89939;-1;2;Autocarro inferiore 35 q.;In marcia / fermata / arresto;Conducente;M;Illeso;0;;Non accertato;Inesploso
2028175;7;27/03/2014 20:45;Strada Urbana;VIA TOR DE' SCHIAVI;all'intersezione con;VIA DELLE ROBINIE;VIA DELLE ROBINIE;;;Scontro frontale/laterale DX fra veicoli in marcia;Incrocio;Una carreggiata a doppio senso;Bagnato (pioggia);Asfaltata;Verticale ed orizzontale;Nuvoloso;Normale;Sufficiente;Sufficiente;2;0;0;2;12.56323;41.88282;-1;1;Autovettura privata;In marcia / fermata / arresto;Conducente;F;Rimandato;0;NON DECEDUTO;Non accertato;Inesploso
2028175;7;27/03/2014 20:45;Strada Urbana;VIA TOR DE' SCHIAVI;all'intersezione con;VIA DELLE ROBINIE;VIA DELLE ROBINIE;;;Scontro frontale/laterale DX fra veicoli in marcia;Incrocio;Una carreggiata a doppio senso;Bagnato (pioggia);Asfaltata;Verticale ed orizzontale;Nuvoloso;Normale;Sufficiente;Sufficiente;2;0;0;2;12.56323;41.88282;-1;1;Autovettura privata;In marcia / fermata / arresto;Passeggero;M;Rimandato;0;NON DECEDUTO;Non accertato;Inesploso
2028175;7;27/03/2014 20:45;Strada Urbana;VIA TOR DE' SCHIAVI;all'intersezione con;VIA DELLE ROBINIE;VIA DELLE ROBINIE;;;Scontro frontale/laterale DX fra veicoli in marcia;Incrocio;Una carreggiata a doppio senso;Bagnato (pioggia);Asfaltata;Verticale ed orizzontale;Nuvoloso;Normale;Sufficiente;Sufficiente;2;0;0;2;12.56323;41.88282;-1;2;Autovettura privata;In marcia / fermata / arresto;Conducente;M;Illeso;0;;Non accertato;Esploso
2028175;7;27/03/2014 20:45;Strada Urbana;VIA TOR DE' SCHIAVI;all'intersezione con;VIA DELLE ROBINIE;VIA DELLE ROBINIE;;;Scontro frontale/laterale DX fra veicoli in marcia;Incrocio;Una carreggiata a doppio senso;Bagnato (pioggia);Asfaltata;Verticale ed orizzontale;Nuvoloso;Normale;Sufficiente;Sufficiente;2;0;0;2;12.56323;41.88282;-1;2;Autovettura privata;In marcia / fermata / arresto;Passeggero;M;Illeso;0;;Non accertato;Esploso
2028176;12;27/03/2014 14:05;Strada Urbana;VIA DELLE MONTAGNE ROCCIOSE;da specificare;;;;altezza civico 74;Investimento di pedone;Rettilineo;Una carreggiata a senso unico di marcia;Bagnato (pioggia);Asfaltata;Verticale;Pioggia in atto;Normale;Buona;Ore Diurne;1;0;0;1;12.47555;41.82598;-1;;;;Pedone;F;Rimandato;0;NON DECEDUTO;;
2028176;12;27/03/2014 14:05;Strada Urbana;VIA DELLE MONTAGNE ROCCIOSE;da specificare;;;;altezza civico 74;Investimento di pedone;Rettilineo;Una carreggiata a senso unico di marcia;Bagnato (pioggia);Asfaltata;Verticale;Pioggia in atto;Normale;Buona;Ore Diurne;1;0;0;1;12.47555;41.82598;-1;1;Autovettura privata;In marcia / fermata / arresto;Conducente;M;Illeso;0;;Utilizzato;Inesploso
2028180;19;28/03/2014 04:30;Strada Urbana;VIA DI TORREVECCHIA;in corrispondenza;;del civico n.;425;;Veicolo in marcia contro veicoli in sosta;Rettilineo;Una carreggiata a doppio senso;Asciutto;Asfaltata;Orizzontale;Sereno;Scarso;Sufficiente;Sufficiente;2;0;0;0;12.41452;41.92552;-1;1;Autovettura privata;In marcia / fermata / arresto;Conducente;M;Rimandato;0;NON DECEDUTO;Non accertato;Esploso
2028180;19;28/03/2014 04:30;Strada Urbana;VIA DI TORREVECCHIA;in corrispondenza;;del civico n.;425;;Veicolo in marcia contro veicoli in sosta;Rettilineo;Una carreggiata a doppio senso;Asciutto;Asfaltata;Orizzontale;Sereno;Scarso;Sufficiente;Sufficiente;2;0;0;0;12.41452;41.92552;-1;1;Autovettura privata;In marcia / fermata / arresto;Passeggero;M;Rimandato;0;NON DECEDUTO;Non accertato;Esploso
2028181;19;27/03/2014 19:35;Strada Urbana;VIA ANDERSEN;in prossimità;;del civico n.;152;;Scontro laterale fra veicoli in marcia;Rettilineo;Una carreggiata a doppio senso;Bagnato (umidità in atto);Asfaltata;Orizzontale;Nuvoloso;Normale;Buona;Sufficiente;0;0;0;1;12.3988;41.92201;-1;1;Autovettura privata;In marcia / fermata / arresto;Conducente;F;Illeso;0;;Non accertato;Inesploso
2028186;5;27/03/2014 17:00;Strada Urbana;VIA DEI DURANTINI;in prossimità;;del civico n.;135;;Scontro frontale/laterale DX fra veicoli in marcia;Rettilineo;Una carreggiata a doppio senso;Asciutto;Asfaltata;Verticale ed orizzontale;Nuvoloso;Normale;Sufficiente;Ore Diurne;0;0;0;5;12.54183;41.91342;-1;1;Motociclo a solo;In marcia / fermata / arresto;Conducente;M;Illeso;0;;Non accertato;
2028186;5;27/03/2014 17:00;Strada Urbana;VIA DEI DURANTINI;in prossimità;;del civico n.;135;;Scontro frontale/laterale DX fra veicoli in marcia;Rettilineo;Una carreggiata a doppio senso;Asciutto;Asfaltata;Verticale ed orizzontale;Nuvoloso;Normale;Sufficiente;Ore Diurne;0;0;0;5;12.54183;41.91342;-1;2;Autovettura privata;In marcia / fermata / arresto;Conducente;M;Illeso;0;;Non accertato;Inesistente
2028186;5;27/03/2014 17:00;Strada Urbana;VIA DEI DURANTINI;in prossimità;;del civico n.;135;;Scontro frontale/laterale DX fra veicoli in marcia;Rettilineo;Una carreggiata a doppio senso;Asciutto;Asfaltata;Verticale ed orizzontale;Nuvoloso;Normale;Sufficiente;Ore Diurne;0;0;0;5;12.54183;41.91342;-1;2;Autovettura privata;In marcia / fermata / arresto;Passeggero;F;Illeso;0;;Non accertato;Inesistente
2028186;5;27/03/2014 17:00;Strada Urbana;VIA DEI DURANTINI;in prossimità;;del civico n.;135;;Scontro frontale/laterale DX fra veicoli in marcia;Rettilineo;Una carreggiata a doppio senso;Asciutto;Asfaltata;Verticale ed orizzontale;Nuvoloso;Normale;Sufficiente;Ore Diurne;0;0;0;5;12.54183;41.91342;-1;2;Autovettura privata;In marcia / fermata / arresto;Passeggero;M;Illeso;0;;Non accertato;Inesistente
2028186;5;27/03/2014 17:00;Strada Urbana;VIA DEI DURANTINI;in prossimità;;del civico n.;135;;Scontro frontale/laterale DX fra veicoli in marcia;Rettilineo;Una carreggiata a doppio senso;Asciutto;Asfaltata;Verticale ed orizzontale;Nuvoloso;Normale;Sufficiente;Ore Diurne;0;0;0;5;12.54183;41.91342;-1;2;Autovettura privata;In marcia / fermata / arresto;Passeggero;F;Illeso;0;;Non accertato;Inesistente
2028196;5;27/03/2014 17:30;Strada Urbana;VIA RADICOFANI;da specificare;;;;prossimità VIA S. BERNARDINO DA SIENA;Scontro laterale fra veicoli in marcia;Rettilineo;Una carreggiata a doppio senso;Bagnato (umidità in atto);Asfaltata;Verticale ed orizzontale;Nuvoloso;Normale;Buona;Ore Diurne;0;0;0;2;12.50795;41.97526;-1;1;Autocarro inferiore 35 q.;In marcia / fermata / arresto;Conducente;M;Illeso;0;;Non accertato;Inesploso
2028196;5;27/03/2014 17:30;Strada Urbana;VIA RADICOFANI;da specificare;;;;prossimità VIA S. BERNARDINO DA SIENA;Scontro laterale fra veicoli in marcia;Rettilineo;Una carreggiata a doppio senso;Bagnato (umidità in atto);Asfaltata;Verticale ed orizzontale;Nuvoloso;Normale;Buona;Ore Diurne;0;0;0;2;12.50795;41.97526;-1;2;Autocarro inferiore 35 q.;In marcia / fermata / arresto;Conducente;M;Illeso;0;;Non accertato;Inesploso
2028200;5;27/03/2014 23:00;Strada Urbana;VIA NOMENTANA NUOVA;in prossimità;;del civico n.;75;;Investimento di pedone;Rettilineo;Una carreggiata a doppio senso;Asciutto;Asfaltata;Verticale ed orizzontale;Nuvoloso;Normale;Sufficiente;Insufficiente;1;0;0;1;12.5308;41.93406;-1;;;;Pedone;F;Rimandato;0;NON DECEDUTO;;
2028200;5;27/03/2014 23:00;Strada Urbana;VIA NOMENTANA NUOVA;in prossimità;;del civico n.;75;;Investimento di pedone;Rettilineo;Una carreggiata a doppio senso;Asciutto;Asfaltata;Verticale ed orizzontale;Nuvoloso;Normale;Sufficiente;Insufficiente;1;0;0;1;12.5308;41.93406;-1;1;Autovettura privata;In marcia / fermata / arresto;Conducente;M;Illeso;0;;Non accertato;Inesploso
2028208;13;27/03/2014 18:15;Strada Urbana;VIA DI ACILIA;da specificare;;;;IN PROSSIMITA' DI VIA C. COLOMBO;Scontro frontale fra veicoli in marcia;Rettilineo;Una carreggiata a doppio senso;Asciutto;Asfaltata;Verticale ed orizzontale;Nuvoloso;Normale;Buona;Inesistente;1;0;0;3;12.38133;41.76614;-1;1;Motociclo a solo;In marcia / fermata / arresto;Conducente;M;Rimandato;0;NON DECEDUTO;Non accertato;
2028208;13;27/03/2014 18:15;Strada Urbana;VIA DI ACILIA;da specificare;;;;IN PROSSIMITA' DI VIA C. COLOMBO;Scontro frontale fra veicoli in marcia;Rettilineo;Una carreggiata a doppio senso;Asciutto;Asfaltata;Verticale ed orizzontale;Nuvoloso;Normale;Buona;Inesistente;1;0;0;3;12.38133;41.76614;-1;2;Motociclo a solo;In marcia / fermata / arresto;Conducente;M;Illeso;0;;Non accertato;
2028208;13;27/03/2014 18:15;Strada Urbana;VIA DI ACILIA;da specificare;;;;IN PROSSIMITA' DI VIA C. COLOMBO;Scontro frontale fra veicoli in marcia;Rettilineo;Una carreggiata a doppio senso;Asciutto;Asfaltata;Verticale ed orizzontale;Nuvoloso;Normale;Buona;Inesistente;1;0;0;3;12.38133;41.76614;-1;3;Autovettura privata;In marcia / fermata / arresto;Conducente;M;Illeso;0;;Non accertato;Inesploso
2028208;13;27/03/2014 18:15;Strada Urbana;VIA DI ACILIA;da specificare;;;;IN PROSSIMITA' DI VIA C. COLOMBO;Scontro frontale fra veicoli in marcia;Rettilineo;Una carreggiata a doppio senso;Asciutto;Asfaltata;Verticale ed orizzontale;Nuvoloso;Normale;Buona;Inesistente;1;0;0;3;12.38133;41.76614;-1;4;Autovettura privata;In marcia / fermata / arresto;Conducente;M;Illeso;0;;Non accertato;Inesploso
2028223;13;28/03/2014 05:45;Strada Urbana;VIA DEI VELIERI;da specificare;;;;altezza fermata bus Cotral n. 77057;Veicolo in marcia contro veicoli in sosta;Rettilineo;Due carreggiate;Bagnato (umidità in atto);Asfaltata;Verticale;Sereno;Scarso;Buona;Ore Diurne;0;0;0;1;12.27456;41.73477;-1;1;Autovettura privata;In marcia / fermata / arresto;Conducente;M;Illeso;0;;Non accertato;Inesploso
2028225;12;27/03/2014 16:40;Strada Urbana;VIALE DELL'ARTE;da specificare;;;;ALTEZZA PIAZZA PASTORE;Scontro frontale/laterale SX fra veicoli in marcia;Rettilineo;Una carreggiata a doppio senso;Asciutto;Asfaltata;Verticale ed orizzontale;Sereno;Intenso;Buona;Ore Diurne;0;0;0;3;12.4742;41.82928;-1;1;Autobus di linea;In marcia / fermata / arresto;Conducente;M;Illeso;0;;Utilizzato;Inesploso
2028225;12;27/03/2014 16:40;Strada Urbana;VIALE DELL'ARTE;da specificare;;;;ALTEZZA PIAZZA PASTORE;Scontro frontale/laterale SX fra veicoli in marcia;Rettilineo;Una carreggiata a doppio senso;Asciutto;Asfaltata;Verticale ed orizzontale;Sereno;Intenso;Buona;Ore Diurne;0;0;0;3;12.4742;41.82928;-1;2;Autovettura privata;In marcia / fermata / arresto;Conducente;M;Illeso;0;;Utilizzato;Inesploso
2028225;12;27/03/2014 16:40;Strada Urbana;VIALE DELL'ARTE;da specificare;;;;ALTEZZA PIAZZA PASTORE;Scontro frontale/laterale SX fra veicoli in marcia;Rettilineo;Una carreggiata a doppio senso;Asciutto;Asfaltata;Verticale ed orizzontale;Sereno;Intenso;Buona;Ore Diurne;0;0;0;3;12.4742;41.82928;-1;2;Autovettura privata;In marcia / fermata / arresto;Passeggero;F;Illeso;0;;Utilizzato;Inesploso
2028258;13;27/03/2014 13:00;Strada Urbana;VIA DI MACCHIA SAPONARA;in corrispondenza;;del civico n.;90;;Investimento di pedone;Rettilineo;Una carreggiata a doppio senso;Bagnato (pioggia);Asfaltata;Verticale ed orizzontale;Pioggia in atto;Normale;Buona;Ore Diurne;1;0;0;1;12.35575;41.77048;-1;;;;Pedone;F;Ricoverato;0;NON DECEDUTO;;
2028258;13;27/03/2014 13:00;Strada Urbana;VIA DI MACCHIA SAPONARA;in corrispondenza;;del civico n.;90;;Investimento di pedone;Rettilineo;Una carreggiata a doppio senso;Bagnato (pioggia);Asfaltata;Verticale ed orizzontale;Pioggia in atto;Normale;Buona;Ore Diurne;1;0;0;1;12.35575;41.77048;-1;1;Motociclo a solo;In marcia / fermata / arresto;Conducente;M;Illeso;0;;Non accertato;
2028260;3;27/03/2014 08:00;Strada Urbana;VIALE DEL POLICLINICO;in prossimità;;del civico n.;153;;Scontro frontale/laterale DX fra veicoli in marcia;Rettilineo;Più di due carreggiate;Bagnato (pioggia);Asfaltata;Verticale ed orizzontale;Nuvoloso;Intenso;Buona;Ore Diurne;1;0;0;2;12.51031;41.90508;-1;1;Autovettura privata;In marcia / fermata / arresto;Conducente;M;Illeso;0;;Non accertato;Inesploso
2028260;3;27/03/2014 08:00;Strada Urbana;VIALE DEL POLICLINICO;in prossimità;;del civico n.;153;;Scontro frontale/laterale DX fra veicoli in marcia;Rettilineo;Più di due carreggiate;Bagnato (pioggia);Asfaltata;Verticale ed orizzontale;Nuvoloso;Intenso;Buona;Ore Diurne;1;0;0;2;12.51031;41.90508;-1;1;Autovettura privata;In marcia / fermata / arresto;Passeggero;M;Illeso;0;;Non accertato;Inesploso
2028260;3;27/03/2014 08:00;Strada Urbana;VIALE DEL POLICLINICO;in prossimità;;del civico n.;153;;Scontro frontale/laterale DX fra veicoli in marcia;Rettilineo;Più di due carreggiate;Bagnato (pioggia);Asfaltata;Verticale ed orizzontale;Nuvoloso;Intenso;Buona;Ore Diurne;1;0;0;2;12.51031;41.90508;-1;2;Motociclo a solo;In marcia / fermata / arresto;Conducente;M;Rimandato;0;NON DECEDUTO;Utilizzato;
2028266;4;27/03/2014 17:00;Strada Urbana;VIALE ADRIATICO;in corrispondenza;;del civico n.;52;;Investimento di pedone;Rettilineo;Una carreggiata a senso unico di marcia;Asciutto;Asfaltata;Verticale ed orizzontale;Nuvoloso;Normale;Buona;Ore Diurne;1;0;0;1;12.53559;41.9391;-1;;;;Pedone;M;Rimandato;0;NON DECEDUTO;;
2028266;4;27/03/2014 17:00;Strada Urbana;VIALE ADRIATICO;in corrispondenza;;del civico n.;52;;Investimento di pedone;Rettilineo;Una carreggiata a senso unico di marcia;Asciutto;Asfaltata;Verticale ed orizzontale;Nuvoloso;Normale;Buona;Ore Diurne;1;0;0;1;12.53559;41.9391;-1;1;Motociclo a solo;In marcia / fermata / arresto;Conducente;M;Illeso;0;;Non accertato;
2028267;1;27/03/2014 22:15;Strada Urbana;VIA DELL'AMBA ARADAM;in corrispondenza;;del civico n.;24;;Veicolo in marcia contro veicoli in sosta;Rettilineo;Una carreggiata a doppio senso;Bagnato (pioggia);Asfaltata;Verticale ed orizzontale;Pioggia in atto;Scarso;Sufficiente;Sufficiente;0;0;0;3;12.50045;41.88395;-1;1;Autovettura privata;In marcia / fermata / arresto;Conducente;M;Illeso;0;;Non accertato;